dealership_address,dealership_city,dealership_name,dealership_state,dealership_zipcode,drivetrain,engine,exterior_color,interior_color,make,mileage,model,model_trim,price,scraped_date,scraped_url,title,transmission,trim,vehicle_type,vin,year
159 Memorial Drive,Avon,Avon Auto Brokers,MA,02322,Front Wheel Drive,2.4 4 Cylinder Engine,BLACK,,Acura,75416,TSX,TSX 4dr Sdn I4 Auto,,2022-09-13 16:29:05,https://avonautobrokers.com/newandusedcars?page=1,2013 Acura TSX4dr Sdn I4 Auto,5 Speed Automatic,4dr Sdn I4 Auto,Sedan,JH4CU2F4XDC014238,2013
159 Memorial Drive,Avon,Avon Auto Brokers,MA,02322,All Wheel Drive,2.0L 4 Cylinder Engine,Lunare White Metallic,Black,Alfa Romeo,12040,Giulia,Giulia AWD,38495.0,2022-09-13 16:29:05,https://avonautobrokers.com/newandusedcars?page=1,2021 Alfa Romeo GiuliaAWD,Automatic,AWD,Sedan,ZARFANAN5M7642960,2021
159 Memorial Drive,Avon,Avon Auto Brokers,MA,02322,All Wheel Drive,2.0L 4 Cylinder Engine,Brilliant Black,Black,Audi,64003,A3,A3 2.0T Premium Plus,19450.0,2022-09-13 16:29:05,https://avonautobrokers.com/newandusedcars?page=1,2015 Audi A32.0T Premium Plus,Automatic,2.0T Premium Plus,Sedan,WAUEFGFF4F1124054,2015
159 Memorial Drive,Avon,Avon Auto Brokers,MA,02322,All Wheel Drive,2.0L 4 Cylinder Engine,Brilliant Black,Black,Audi,80537,A4,A4 Premium,16995.0,2022-09-13 16:29:05,https://avonautobrokers.com/newandusedcars?page=1,2014 Audi A4Premium,Automatic,Premium,Sedan,WAUBFAFLXEN003073,2014
159 Memorial Drive,Avon,Avon Auto Brokers,MA,02322,All Wheel Drive,2.0L 4 Cylinder Engine,Meteor Gray Pearl,Black,Audi,81728,A4 Avant,A4 Avant 2.0T Premium  Plus,13995.0,2022-09-13 16:29:05,https://avonautobrokers.com/newandusedcars?page=1,2010 Audi A4 Avant2.0T Premium  Plus,Automatic,2.0T Premium  Plus,Wagon,WAUWFAFLXAA116234,2010
159 Memorial Drive,Avon,Avon Auto Brokers,MA,02322,All Wheel Drive,2.0L 4 Cylinder Engine,Deep Sea Blue Pearl,Beige,Audi,76145,A4 Avant,A4 Avant 2.0T Premium,13995.0,2022-09-13 16:29:05,https://avonautobrokers.com/newandusedcars?page=1,2011 Audi A4 Avant2.0T Premium,Automatic,2.0T Premium,Wagon,WAUSFAFL9BA053627,2011
159 Memorial Drive,Avon,Avon Auto Brokers,MA,02322,All Wheel Drive,2.0L 4 Cylinder Engine,Brilliant Black,Linen Beige,Audi,81342,A5,A5 2.0T Prestige,16995.0,2022-09-13 16:29:05,https://avonautobrokers.com/newandusedcars?page=1,2011 Audi A52.0T Prestige,Automatic,2.0T Prestige,Coupe,WAUVFAFR7BA040943,2011
159 Memorial Drive,Avon,Avon Auto Brokers,MA,02322,All Wheel Drive,2.0L 4 Cylinder Engine,Brilliant Black,Black,Audi,82641,A5,A5 2.0T Premium Plus,18995.0,2022-09-13 16:29:05,https://avonautobrokers.com/newandusedcars?page=1,2012 Audi A52.0T Premium Plus,Automatic,2.0T Premium Plus,Coupe,WAULFAFR4CA004944,2012
159 Memorial Drive,Avon,Avon Auto Brokers,MA,02322,All Wheel Drive,2.0L 4 Cylinder Engine,Brilliant Black,Gray,Audi,68150,A5,A5 2.0T Premium Plus,19995.0,2022-09-13 16:29:05,https://avonautobrokers.com/newandusedcars?page=1,2012 Audi A52.0T Premium Plus,Automatic,2.0T Premium Plus,Convertible,WAULFAFH5CN008615,2012
159 Memorial Drive,Avon,Avon Auto Brokers,MA,02322,All Wheel Drive,2.0L 4 Cylinder Engine,Ibis White,Black,Audi,79305,A5,A5 Premium Plus,18495.0,2022-09-13 16:29:05,https://avonautobrokers.com/newandusedcars?page=1,2013 Audi A5Premium Plus,Automatic,Premium Plus,Coupe,WAULFAFR0DA022181,2013
159 Memorial Drive,Avon,Avon Auto Brokers,MA,02322,All Wheel Drive,2.0L 4 Cylinder Engine,Dakota Gray Metallic,Black,Audi,87998,A5,A5 Premium,18750.0,2022-09-13 16:29:05,https://avonautobrokers.com/newandusedcars?page=1,2014 Audi A5Premium,Automatic,Premium,Coupe,WAUCFAFR6EA018170,2014
159 Memorial Drive,Avon,Avon Auto Brokers,MA,02322,All Wheel Drive,2.0L 4 Cylinder Engine,Brilliant Black,Beige/Black,Audi,76487,A5,A5 Premium Plus,20750.0,2022-09-13 16:29:05,https://avonautobrokers.com/newandusedcars?page=1,2014 Audi A5Premium Plus,Automatic,Premium Plus,Coupe,WAULFAFR9EA042026,2014
159 Memorial Drive,Avon,Avon Auto Brokers,MA,02322,All Wheel Drive,3.0 V6 Cylinder Engine,BLACK,,Audi,92750,A6,A6 3.0T Premium Plus,17495.0,2022-09-13 16:29:05,https://avonautobrokers.com/newandusedcars?page=1,2012 Audi A63.0T Premium Plus,8 Speed Automatic,3.0T Premium Plus,Sedan,WAUGGAFC2CN096316,2012
159 Memorial Drive,Avon,Avon Auto Brokers,MA,02322,All Wheel Drive,2.0L 4 Cylinder Engine,Glacier White Metallic,Velvet Beige,Audi,57695,A6,A6 2.0T Premium Plus,21995.0,2022-09-13 16:29:05,https://avonautobrokers.com/newandusedcars?page=1,2013 Audi A62.0T Premium Plus,Automatic,2.0T Premium Plus,Sedan,WAUGFAFC0DN048592,2013
159 Memorial Drive,Avon,Avon Auto Brokers,MA,02322,AWD,3.0L V6,Dakota Gray Metallic,Black,Audi,76817,A7,A7 3.0 TDI Prestige,31995.0,2022-09-13 16:29:05,https://avonautobrokers.com/newandusedcars?page=1,2014 Audi A73.0 TDI Prestige,8 Speed Automatic,3.0 TDI Prestige,Hatchback,WAU2MAFC7EN125606,2014
159 Memorial Drive,Avon,Avon Auto Brokers,MA,02322,All Wheel Drive,3.0L V6 Cylinder Engine,Glacier White Metallic,Black,Audi,113005,A7,A7 3.0 Prestige,24888.0,2022-09-13 16:29:05,https://avonautobrokers.com/newandusedcars?page=1,2015 Audi A73.0 Prestige,Automatic,3.0 Prestige,Hatchback,WAU2GAFC4FN022863,2015
159 Memorial Drive,Avon,Avon Auto Brokers,MA,02322,All Wheel Drive,4.0L 8 Cylinder Engine,Moonlight Blue Metallic,Silk Beige,Audi,87989,A8,A8 4.0T,24650.0,2022-09-13 16:29:05,https://avonautobrokers.com/newandusedcars?page=1,2014 Audi A84.0T,Automatic,4.0T,Sedan,WAUR2AFD2EN004401,2014
159 Memorial Drive,Avon,Avon Auto Brokers,MA,02322,All Wheel Drive,2.0L 4 Cylinder Engine,Monsoon Gray Metallic,Chestnut Brown,Audi,64606,Q3,Q3 Prestige,25888.0,2022-09-13 16:29:05,https://avonautobrokers.com/newandusedcars?page=1,2017 Audi Q3Prestige,Automatic,Prestige,SUV,WA1GCCFSXHR001027,2017
159 Memorial Drive,Avon,Avon Auto Brokers,MA,02322,All Wheel Drive,2.0L 4 Cylinder Engine,Ice Silver Metallic,Black,Audi,83725,Q5,Q5 2.0T Premium Plus,16888.0,2022-09-13 16:29:05,https://avonautobrokers.com/newandusedcars?page=1,2012 Audi Q52.0T Premium Plus,Automatic,2.0T Premium Plus,SUV,WA1LFAFP2CA012830,2012
159 Memorial Drive,Avon,Avon Auto Brokers,MA,02322,All Wheel Drive,3.0L V6 Cylinder Engine,Ibis White,Black,Audi,85216,Q5,Q5 Premium Plus,24750.0,2022-09-13 16:29:05,https://avonautobrokers.com/newandusedcars?page=1,2014 Audi Q5Premium Plus,Automatic,Premium Plus,SUV,WA1CMAFP9EA051004,2014
159 Memorial Drive,Avon,Avon Auto Brokers,MA,02322,All Wheel Drive,2.0L 4 Cylinder Engine,Brilliant Black,Black,Audi,64746,Q5,Q5 Premium Plus,23888.0,2022-09-13 16:29:05,https://avonautobrokers.com/newandusedcars?page=1,2015 Audi Q5Premium Plus,Automatic,Premium Plus,SUV,WA1LFAFP8FA043696,2015
159 Memorial Drive,Avon,Avon Auto Brokers,MA,02322,All Wheel Drive,3.0L V6 Cylinder Engine,Ibis White,Black,Audi,59306,Q5,Q5 Premium Plus,25995.0,2022-09-13 16:29:05,https://avonautobrokers.com/newandusedcars?page=1,2016 Audi Q5Premium Plus,Automatic,Premium Plus,SUV,WA1D7AFP2GA073036,2016
159 Memorial Drive,Avon,Avon Auto Brokers,MA,02322,All Wheel Drive,3.0L V6 Cylinder Engine,Moonlight Blue Metallic,Chestnut Brown,Audi,75356,Q5,Q5 Premium Plus,24888.0,2022-09-13 16:29:05,https://avonautobrokers.com/newandusedcars?page=1,2016 Audi Q5Premium Plus,Automatic,Premium Plus,SUV,WA1D7AFP0GA019489,2016
159 Memorial Drive,Avon,Avon Auto Brokers,MA,02322,AWD,2.0L 4 Cyl.,Manhattan Gray Metallic,Black,Audi,28996,Q5,Q5 Premium Plus,38750.0,2022-09-13 16:29:05,https://avonautobrokers.com/newandusedcars?page=1,2019 Audi Q5Premium Plus,7 Speed Automatic,Premium Plus,SUV,WA1BNAFYXK2047096,2019
159 Memorial Drive,Avon,Avon Auto Brokers,MA,02322,All Wheel Drive,3.0L V6 Cylinder Engine,Glacier White Metallic,Beige,Audi,93052,Q7,Q7 3.0T Premium Plus,17888.0,2022-09-13 16:29:05,https://avonautobrokers.com/newandusedcars?page=1,2012 Audi Q73.0T Premium Plus,Automatic,3.0T Premium Plus,SUV,WA1LGBFE7CD008692,2012
159 Memorial Drive,Avon,Avon Auto Brokers,MA,02322,All Wheel Drive,3.0L V6 Cylinder Engine,Mugello Blue Pearl Effect,Black,Audi,83843,Q7,Q7 3.0T S line Prestige,23888.0,2022-09-13 16:29:06,https://avonautobrokers.com/newandusedcars?page=2,2014 Audi Q73.0T S line Prestige,Automatic,3.0T S line Prestige,SUV,WA1DGAFE5ED016016,2014
159 Memorial Drive,Avon,Avon Auto Brokers,MA,02322,All Wheel Drive,3.0L V6 Cylinder Engine,Carrara White,Nougat Brown,Audi,66983,Q7,Q7 Premium Plus,33995.0,2022-09-13 16:29:06,https://avonautobrokers.com/newandusedcars?page=2,2017 Audi Q7Premium Plus,Automatic,Premium Plus,SUV,WA1LAAF77HD025707,2017
159 Memorial Drive,Avon,Avon Auto Brokers,MA,02322,All Wheel Drive,3.0L V6 Cylinder Engine,Night Black,Nougat Brown,Audi,85889,Q7,Q7 Premium Plus,29995.0,2022-09-13 16:29:06,https://avonautobrokers.com/newandusedcars?page=2,2017 Audi Q7Premium Plus,Automatic,Premium Plus,SUV,WA1LAAF74HD021016,2017
159 Memorial Drive,Avon,Avon Auto Brokers,MA,02322,All Wheel Drive,2.0L 4 Cylinder Engine,Carrara White,Pistachio Beige,Audi,57029,Q7,Q7 Premium,39888.0,2022-09-13 16:29:06,https://avonautobrokers.com/newandusedcars?page=2,2019 Audi Q7Premium,Automatic,Premium,SUV,WA1AHAF75KD015591,2019
159 Memorial Drive,Avon,Avon Auto Brokers,MA,02322,All Wheel Drive,4.2L 8 Cylinder Engine,Phantom Black Pearl,Black,Audi,19979,R8,R8 4.2L,81995.0,2022-09-13 16:29:06,https://avonautobrokers.com/newandusedcars?page=2,2009 Audi R84.2L,Automatic,4.2L,Coupe,WUAAU34289N001437,2009
159 Memorial Drive,Avon,Avon Auto Brokers,MA,02322,All Wheel Drive,4.2L 8 Cylinder Engine,Daytona Gray Pearl,Silver,Audi,91555,RS4,RS4 2dr Cabriolet,35995.0,2022-09-13 16:29:06,https://avonautobrokers.com/newandusedcars?page=2,2008 Audi RS42dr Cabriolet,6 Speed Manual,2dr Cabriolet,Convertible,WUAYU48H58K800224,2008
159 Memorial Drive,Avon,Avon Auto Brokers,MA,02322,All Wheel Drive,2.0L 4 Cylinder Engine,Florett Silver Metallic,Black/Titanium,Audi,84679,S3,S3 2.0T Premium,17995.0,2022-09-13 16:29:06,https://avonautobrokers.com/newandusedcars?page=2,2015 Audi S32.0T Premium,Automatic,2.0T Premium,Sedan,WAUBFGFF4F1059001,2015
159 Memorial Drive,Avon,Avon Auto Brokers,MA,02322,All Wheel Drive,3.0L V6 Cylinder Engine,Monsoon Gray Metallic,Black,Audi,89968,S4,S4 Prestige,22888.0,2022-09-13 16:29:06,https://avonautobrokers.com/newandusedcars?page=2,2013 Audi S4Prestige,Automatic,Prestige,Sedan,WAUKGAFL5DA065631,2013
159 Memorial Drive,Avon,Avon Auto Brokers,MA,02322,All Wheel Drive,3.0L V6 Cylinder Engine,Volcano Red Metallic,Black,Audi,65653,S4,S4 Prestige,27495.0,2022-09-13 16:29:06,https://avonautobrokers.com/newandusedcars?page=2,2013 Audi S4Prestige,Automatic,Prestige,Sedan,WAUKGAFL1DA129812,2013
159 Memorial Drive,Avon,Avon Auto Brokers,MA,02322,All Wheel Drive,3.0L V6 Cylinder Engine,Moonlight Blue Metallic,Black,Audi,84388,S4,S4 Premium Plus,27995.0,2022-09-13 16:29:06,https://avonautobrokers.com/newandusedcars?page=2,2014 Audi S4Premium Plus,Automatic,Premium Plus,Sedan,WAUBGAFL4EA116733,2014
159 Memorial Drive,Avon,Avon Auto Brokers,MA,02322,All Wheel Drive,3.0L V6 Cylinder Engine,Moonlight Blue Metallic,Black,Audi,62730,S5,S5 Prestige,31995.0,2022-09-13 16:29:06,https://avonautobrokers.com/newandusedcars?page=2,2013 Audi S5Prestige,Automatic,Prestige,Coupe,WAUVGAFR7DA002161,2013
159 Memorial Drive,Avon,Avon Auto Brokers,MA,02322,All Wheel Drive,4.0L 8 Cylinder Engine,Phantom Black Pearl,Black,Audi,79529,S7,S7 Prestige,25888.0,2022-09-13 16:29:06,https://avonautobrokers.com/newandusedcars?page=2,2013 Audi S7Prestige,Automatic,Prestige,Hatchback,WAU32AFC4DN100459,2013
159 Memorial Drive,Avon,Avon Auto Brokers,MA,02322,All Wheel Drive,5.2L 10 Cylinder Engine,Brilliant Black,Brown/Black,Audi,116069,S8,S8 4dr Sdn,18995.0,2022-09-13 16:29:06,https://avonautobrokers.com/newandusedcars?page=2,2007 Audi S84dr Sdn,Automatic,4dr Sdn,Sedan,WAUPN44E87N018608,2007
159 Memorial Drive,Avon,Avon Auto Brokers,MA,02322,All Wheel Drive,4.0L 8 Cylinder Engine,Glacier White Metallic,Lunar Silver,Audi,32061,S8,S8 None,38995.0,2022-09-13 16:29:06,https://avonautobrokers.com/newandusedcars?page=2,2013 Audi S8None,Automatic,,Sedan,WAUD2AFD1DN017908,2013
159 Memorial Drive,Avon,Avon Auto Brokers,MA,02322,All Wheel Drive,3.0L V6 Cylinder Engine,Brilliant Black,Black/Magma Red,Audi,79958,SQ5,SQ5 Premium Plus,26995.0,2022-09-13 16:29:06,https://avonautobrokers.com/newandusedcars?page=2,2015 Audi SQ5Premium Plus,Automatic,Premium Plus,SUV,WA1CGAFP0FA012651,2015
159 Memorial Drive,Avon,Avon Auto Brokers,MA,02322,All Wheel Drive,2.0L 4 Cylinder Engine,Ibis White,Black,Audi,51361,TT,TT 2.0 TFSI,34750.0,2022-09-13 16:29:06,https://avonautobrokers.com/newandusedcars?page=2,2017 Audi TT2.0 TFSI,Automatic,2.0 TFSI,Coupe,TRUC5AFV2H1008507,2017
159 Memorial Drive,Avon,Avon Auto Brokers,MA,02322,Rear Wheel Drive,3.0L Straight 6 Cylinder Engine,Titanium Silver Metallic,Black,BMW,50795,1-Series,1-Series 135i,15995.0,2022-09-13 16:29:06,https://avonautobrokers.com/newandusedcars?page=2,2008 BMW 1-Series135i,Automatic,135i,Convertible,WBAUN93588VK40021,2008
159 Memorial Drive,Avon,Avon Auto Brokers,MA,02322,Rear Wheel Drive,3.0L Straight 6 Cylinder Engine,Jet Black,Cream Beige,BMW,86280,3-Series,3-Series 335i,14888.0,2022-09-13 16:29:06,https://avonautobrokers.com/newandusedcars?page=2,2008 BMW 3-Series335i,Automatic,335i,Convertible,WBAWL73598PX53236,2008
159 Memorial Drive,Avon,Avon Auto Brokers,MA,02322,Rear Wheel Drive,3.0L Straight 6 Cylinder Engine,Alpine White,Black,BMW,68577,3-Series,3-Series 328i,15495.0,2022-09-13 16:29:06,https://avonautobrokers.com/newandusedcars?page=2,2011 BMW 3-Series328i,Automatic,328i,Convertible,WBADW7C56BE544943,2011
159 Memorial Drive,Avon,Avon Auto Brokers,MA,02322,All Wheel Drive,2.0L 4 Cylinder Engine,Jet Black,Black,BMW,72531,3-Series,3-Series 328i xDrive,16750.0,2022-09-13 16:29:06,https://avonautobrokers.com/newandusedcars?page=2,2013 BMW 3-Series328i xDrive,Automatic,328i xDrive,Sedan,WBA3B3G51DNP38681,2013
159 Memorial Drive,Avon,Avon Auto Brokers,MA,02322,All Wheel Drive,2.0L 4 Cylinder Engine,Liquid Blue Metallic,Black,BMW,58722,3-Series,3-Series 320i xDrive,18995.0,2022-09-13 16:29:06,https://avonautobrokers.com/newandusedcars?page=2,2014 BMW 3-Series320i xDrive,Automatic,320i xDrive,Sedan,WBA3C3G5XENS67547,2014
159 Memorial Drive,Avon,Avon Auto Brokers,MA,02322,All Wheel Drive,2.0L 4 Cylinder Engine,Alpine White,Beige,BMW,108436,3-Series,3-Series 320i xDrive,14495.0,2022-09-13 16:29:06,https://avonautobrokers.com/newandusedcars?page=2,2014 BMW 3-Series320i xDrive,Automatic,320i xDrive,Sedan,WBA3C3G58ENS71046,2014
159 Memorial Drive,Avon,Avon Auto Brokers,MA,02322,All Wheel Drive,2.0L 4 Cylinder Engine,Jet Black,Beige,BMW,73453,3-Series,3-Series 320i xDrive,18995.0,2022-09-13 16:29:06,https://avonautobrokers.com/newandusedcars?page=2,2015 BMW 3-Series320i xDrive,Automatic,320i xDrive,Sedan,WBA3C3C54FP664618,2015
159 Memorial Drive,Avon,Avon Auto Brokers,MA,02322,All Wheel Drive,2.0L 4 Cylinder Engine,Alpine White,Venetian Beige/Black,BMW,82141,3-Series,3-Series 320i xDrive,19995.0,2022-09-13 16:29:06,https://avonautobrokers.com/newandusedcars?page=2,2017 BMW 3-Series320i xDrive,Automatic,320i xDrive,Sedan,WBA8E5G54HNU22433,2017
159 Memorial Drive,Avon,Avon Auto Brokers,MA,02322,All Wheel Drive,2.0L 4 Cylinder Engine,Black Sapphire Metallic,Saddle Brown/Excl. Stitch,BMW,80728,4-Series Gran,4-Series Gran 428i xDrive,21995.0,2022-09-13 16:29:06,https://avonautobrokers.com/newandusedcars?page=2,2015 BMW 4-Series Gran428i xDrive,Automatic,428i xDrive,Sedan,WBA4A7C59FD415489,2015
159 Memorial Drive,Avon,Avon Auto Brokers,MA,02322,All Wheel Drive,2.0L 4 Cylinder Engine,Jet Black,Black,BMW,53540,4-Series Gran,4-Series Gran 428i xDrive,25950.0,2022-09-13 16:29:07,https://avonautobrokers.com/newandusedcars?page=3,2016 BMW 4-Series Gran428i xDrive,Automatic,428i xDrive,Sedan,WBA4C9C59GG136484,2016
159 Memorial Drive,Avon,Avon Auto Brokers,MA,02322,Rear Wheel Drive,4.8L 8 Cylinder Engine,Monaco Blue Metallic,Black,BMW,88673,5-Series,5-Series 550i,14450.0,2022-09-13 16:29:07,https://avonautobrokers.com/newandusedcars?page=3,2008 BMW 5-Series550i,Automatic,550i,Sedan,WBANW53568CT50264,2008
159 Memorial Drive,Avon,Avon Auto Brokers,MA,02322,All Wheel Drive,2.0L 4 Cylinder Engine,Dark Graphite Metallic II,Beige,BMW,81858,5-Series,5-Series 528i xDrive,16450.0,2022-09-13 16:29:07,https://avonautobrokers.com/newandusedcars?page=3,2013 BMW 5-Series528i xDrive,Automatic,528i xDrive,Sedan,WBAXH5C59DD112285,2013
159 Memorial Drive,Avon,Avon Auto Brokers,MA,02322,All Wheel Drive,3.0L Straight 6 Cylinder Engine,Carbon Black Metallic,Black/Excl. Stitch,BMW,48649,5-Series,5-Series 535i xDrive,25750.0,2022-09-13 16:29:07,https://avonautobrokers.com/newandusedcars?page=3,2014 BMW 5-Series535i xDrive,Automatic,535i xDrive,Sedan,WBA5B3C58ED534742,2014
159 Memorial Drive,Avon,Avon Auto Brokers,MA,02322,All Wheel Drive,4.4L 8 Cylinder Engine,Imperial Blue Metallic,Amaro Brown,BMW,78094,5-Series,5-Series 550i xDrive,25888.0,2022-09-13 16:29:07,https://avonautobrokers.com/newandusedcars?page=3,2015 BMW 5-Series550i xDrive,Automatic,550i xDrive,Sedan,WBAKP9C53FD979933,2015
159 Memorial Drive,Avon,Avon Auto Brokers,MA,02322,All Wheel Drive,3.0L Straight 6 Cylinder Engine,Jet Black,Black,BMW,71082,5-Series,5-Series 535i xDrive,24888.0,2022-09-13 16:29:07,https://avonautobrokers.com/newandusedcars?page=3,2015 BMW 5-Series535i xDrive,Automatic,535i xDrive,Sedan,WBA5B3C51FD540741,2015
159 Memorial Drive,Avon,Avon Auto Brokers,MA,02322,All Wheel Drive,3.0L Straight 6 Cylinder Engine,Alpine White,Amaro Brown,BMW,69208,5-Series,5-Series 535i xDrive,27495.0,2022-09-13 16:29:07,https://avonautobrokers.com/newandusedcars?page=3,2016 BMW 5-Series535i xDrive,Automatic,535i xDrive,Sedan,WBA5B3C57GG253338,2016
159 Memorial Drive,Avon,Avon Auto Brokers,MA,02322,Rear Wheel Drive,4.8L 8 Cylinder Engine,Mineral Silver Metallic,Black,BMW,92374,6-Series,6-Series 650i,12995.0,2022-09-13 16:29:07,https://avonautobrokers.com/newandusedcars?page=3,2007 BMW 6-Series650i,Automatic,650i,Convertible,WBAEK135X7CN80361,2007
159 Memorial Drive,Avon,Avon Auto Brokers,MA,02322,All Wheel Drive,4.4L 8 Cylinder Engine,Alpine White,Black,BMW,84567,6-Series,6-Series 650i xDrive,28495.0,2022-09-13 16:29:07,https://avonautobrokers.com/newandusedcars?page=3,2013 BMW 6-Series650i xDrive,Automatic,650i xDrive,Coupe,WBAYM1C54DDZ02375,2013
159 Memorial Drive,Avon,Avon Auto Brokers,MA,02322,All Wheel Drive,4.4L 8 Cylinder Engine,Space Gray Metallic,Black,BMW,94530,7-Series,7-Series 750Li xDrive,13995.0,2022-09-13 16:29:07,https://avonautobrokers.com/newandusedcars?page=3,2010 BMW 7-Series750Li xDrive,Automatic,750Li xDrive,Sedan,WBAKC8C51AC430221,2010
159 Memorial Drive,Avon,Avon Auto Brokers,MA,02322,All Wheel Drive,4.4L 8 Cylinder Engine,Carbon Black Metallic,Champagne,BMW,88749,7-Series,7-Series 750i xDrive,17495.0,2022-09-13 16:29:07,https://avonautobrokers.com/newandusedcars?page=3,2011 BMW 7-Series750i xDrive,Automatic,750i xDrive,Sedan,WBAKC6C51BC394309,2011
159 Memorial Drive,Avon,Avon Auto Brokers,MA,02322,All Wheel Drive,4.4L 8 Cylinder Engine,Dark Graphite Metallic,Black,BMW,86919,7-Series,7-Series 750Li xDrive,16750.0,2022-09-13 16:29:07,https://avonautobrokers.com/newandusedcars?page=3,2012 BMW 7-Series750Li xDrive,Automatic,750Li xDrive,Sedan,WBAKC8C50CC436076,2012
159 Memorial Drive,Avon,Avon Auto Brokers,MA,02322,All Wheel Drive,4.4L 8 Cylinder Engine,Black Sapphire Metallic,Black,BMW,85512,7-Series,7-Series 750Li xDrive,16750.0,2022-09-13 16:29:07,https://avonautobrokers.com/newandusedcars?page=3,2012 BMW 7-Series750Li xDrive,Automatic,750Li xDrive,Sedan,WBAKC8C58CC437699,2012
159 Memorial Drive,Avon,Avon Auto Brokers,MA,02322,All Wheel Drive,4.4L 8 Cylinder Engine,Jet Black,Black,BMW,61459,7-Series,7-Series 750Li xDrive,31995.0,2022-09-13 16:29:07,https://avonautobrokers.com/newandusedcars?page=3,2014 BMW 7-Series750Li xDrive,Automatic,750Li xDrive,Sedan,WBAYF8C5XED653679,2014
159 Memorial Drive,Avon,Avon Auto Brokers,MA,02322,Rear Wheel Drive,4.4L 8 Cylinder Engine,Alpine White,Black,BMW,84061,7-Series,7-Series 750Li,27995.0,2022-09-13 16:29:07,https://avonautobrokers.com/newandusedcars?page=3,2014 BMW 7-Series750Li,Automatic,750Li,Sedan,WBAYE8C50ED780542,2014
159 Memorial Drive,Avon,Avon Auto Brokers,MA,02322,All Wheel Drive,3.0L Straight 6 Cylinder Engine,Jet Black,Black,BMW,54534,7-Series,7-Series 740i xDrive,40888.0,2022-09-13 16:29:07,https://avonautobrokers.com/newandusedcars?page=3,2017 BMW 7-Series740i xDrive,Automatic,740i xDrive,Sedan,WBA7E4C59HGU99492,2017
159 Memorial Drive,Avon,Avon Auto Brokers,MA,02322,Rear Wheel Drive,4.0L 8 Cylinder Engine,Alpine White,Black,BMW,58104,M3,M3 M3,37995.0,2022-09-13 16:29:07,https://avonautobrokers.com/newandusedcars?page=3,2008 BMW M3M3,6 Speed Manual,M3,Coupe,WBSWD93548PY39638,2008
159 Memorial Drive,Avon,Avon Auto Brokers,MA,02322,Rear Wheel Drive,4.0L 8 Cylinder Engine,Silverstone Metallic,Black,BMW,90774,M3,M3 4dr Sdn,39995.0,2022-09-13 16:29:07,https://avonautobrokers.com/newandusedcars?page=3,2011 BMW M34dr Sdn,Automatic,4dr Sdn,Sedan,WBSPM9C52BE202688,2011
159 Memorial Drive,Avon,Avon Auto Brokers,MA,02322,Rear Wheel Drive,4.4L 8 Cylinder Engine,Monte Carlo Blue Metallic,Black,BMW,53304,M5,M5 4dr Sdn,39795.0,2022-09-13 16:29:07,https://avonautobrokers.com/newandusedcars?page=3,2013 BMW M54dr Sdn,Automatic,4dr Sdn,Sedan,WBSFV9C52DD096325,2013
159 Memorial Drive,Avon,Avon Auto Brokers,MA,02322,All Wheel Drive,2.0L 4 Cylinder Engine,Alpine White,Black,BMW,52670,X1,X1 xDrive28i,18995.0,2022-09-13 16:29:07,https://avonautobrokers.com/newandusedcars?page=3,2014 BMW X1xDrive28i,Automatic,xDrive28i,SUV,WBAVL1C54EVY18476,2014
159 Memorial Drive,Avon,Avon Auto Brokers,MA,02322,All Wheel Drive,2.0L 4 Cylinder Engine,Alpine White,Black,BMW,70099,X1,X1 xDrive28i,16995.0,2022-09-13 16:29:07,https://avonautobrokers.com/newandusedcars?page=3,2014 BMW X1xDrive28i,Automatic,xDrive28i,SUV,WBAVL1C55EVY16557,2014
159 Memorial Drive,Avon,Avon Auto Brokers,MA,02322,All Wheel Drive,2.0L 4 Cylinder Engine,Black Sapphire Metallic,Black,BMW,45050,X1,X1 xDrive28i,20795.0,2022-09-13 16:29:07,https://avonautobrokers.com/newandusedcars?page=3,2014 BMW X1xDrive28i,Automatic,xDrive28i,SUV,WBAVL1C57EVY16754,2014
159 Memorial Drive,Avon,Avon Auto Brokers,MA,02322,All Wheel Drive,2.0L 4 Cylinder Engine,Jet Black,Black,BMW,98043,X1,X1 xDrive28i,14888.0,2022-09-13 16:29:07,https://avonautobrokers.com/newandusedcars?page=3,2014 BMW X1xDrive28i,Automatic,xDrive28i,SUV,WBAVL1C5XEVY10740,2014
159 Memorial Drive,Avon,Avon Auto Brokers,MA,02322,All Wheel Drive,2.0L 4 Cylinder Engine,Glacier Silver Metallic,Black,BMW,70823,X1,X1 xDrive28i,21995.0,2022-09-13 16:29:07,https://avonautobrokers.com/newandusedcars?page=3,2016 BMW X1xDrive28i,Automatic,xDrive28i,SUV,WBXHT3C31G5F67158,2016
159 Memorial Drive,Avon,Avon Auto Brokers,MA,02322,All Wheel Drive,2.0L 4 Cylinder Engine,Jet Black,Black,BMW,95020,X3,X3 xDrive28i,16450.0,2022-09-13 16:29:07,https://avonautobrokers.com/newandusedcars?page=3,2014 BMW X3xDrive28i,Automatic,xDrive28i,SUV,5UXWX9C52E0D11214,2014
159 Memorial Drive,Avon,Avon Auto Brokers,MA,02322,All Wheel Drive,3.0L Straight 6 Cylinder Engine,Platinum Gray Metallic,Black,BMW,70924,X5,X5 35i Premium,17995.0,2022-09-13 16:29:08,https://avonautobrokers.com/newandusedcars?page=4,2011 BMW X535i Premium,Automatic,35i Premium,SUV,5UXZV4C51BL414380,2011
159 Memorial Drive,Avon,Avon Auto Brokers,MA,02322,All Wheel Drive,3.0L Straight 6 Cylinder Engine,Sparkling Bronze Metallic,Sand,BMW,90453,X5,X5 35i Premium,13750.0,2022-09-13 16:29:08,https://avonautobrokers.com/newandusedcars?page=4,2012 BMW X535i Premium,Automatic,35i Premium,SUV,5UXZV4C58CL754479,2012
159 Memorial Drive,Avon,Avon Auto Brokers,MA,02322,All Wheel Drive,3.0L Straight 6 Cylinder Engine,Jet Black,Black,BMW,74722,X5,X5 35i Premium,17450.0,2022-09-13 16:29:08,https://avonautobrokers.com/newandusedcars?page=4,2012 BMW X535i Premium,Automatic,35i Premium,SUV,5UXZV4C5XCL765449,2012
159 Memorial Drive,Avon,Avon Auto Brokers,MA,02322,All Wheel Drive,4.4 8 Cylinder Engine,BLACK,,BMW,88000,X5,X5 xDrive50i,,2022-09-13 16:29:08,https://avonautobrokers.com/newandusedcars?page=4,2013 BMW X5xDrive50i,8 Speed Automatic,xDrive50i,SUV,5UXZV8C59DL899541,2013
159 Memorial Drive,Avon,Avon Auto Brokers,MA,02322,All Wheel Drive,4.4L 8 Cylinder Engine,Deep Sea Blue Metallic,Pearl White,BMW,81632,X5,X5 xDrive50i,19995.0,2022-09-13 16:29:08,https://avonautobrokers.com/newandusedcars?page=4,2013 BMW X5xDrive50i,Automatic,xDrive50i,SUV,5UXZV8C59DL899345,2013
159 Memorial Drive,Avon,Avon Auto Brokers,MA,02322,All Wheel Drive,3.0L Straight 6 Cylinder Engine,Alpine White,Ivory White,BMW,84382,X5,X5 xDrive35i,24995.0,2022-09-13 16:29:08,https://avonautobrokers.com/newandusedcars?page=4,2015 BMW X5xDrive35i,Automatic,xDrive35i,SUV,5UXKR0C58F0P10227,2015
159 Memorial Drive,Avon,Avon Auto Brokers,MA,02322,All Wheel Drive,4.4L 8 Cylinder Engine,Space Gray Metallic,Ivory White,BMW,82234,X5,X5 xDrive50i,29995.0,2022-09-13 16:29:08,https://avonautobrokers.com/newandusedcars?page=4,2016 BMW X5xDrive50i,Automatic,xDrive50i,SUV,5UXKR6C53G0J80057,2016
159 Memorial Drive,Avon,Avon Auto Brokers,MA,02322,All Wheel Drive,3.0L Straight 6 Cylinder Engine,Space Gray Metallic,Sand,BMW,88947,X6,X6 xDrive35i,18795.0,2022-09-13 16:29:08,https://avonautobrokers.com/newandusedcars?page=4,2008 BMW X6xDrive35i,Automatic,xDrive35i,SUV,5UXFG43568L221552,2008
159 Memorial Drive,Avon,Avon Auto Brokers,MA,02322,All Wheel Drive,3.0L Straight 6 Cylinder Engine,Deep Sea Blue Metallic,Sand,BMW,93740,X6,X6 35i,18888.0,2022-09-13 16:29:08,https://avonautobrokers.com/newandusedcars?page=4,2011 BMW X635i,Automatic,35i,SUV,5UXFG2C57BLX07492,2011
159 Memorial Drive,Avon,Avon Auto Brokers,MA,02322,All Wheel Drive,3.0L Straight 6 Cylinder Engine,Mineral Silver Metallic,Sand,BMW,82188,X6,X6 35i,19888.0,2022-09-13 16:29:08,https://avonautobrokers.com/newandusedcars?page=4,2011 BMW X635i,Automatic,35i,SUV,5UXFG2C56BLX06902,2011
159 Memorial Drive,Avon,Avon Auto Brokers,MA,02322,All Wheel Drive,4.4L 8 Cylinder Engine,Alpine White,Cognac/Black,BMW,69942,X6,X6 xDrive50i,36995.0,2022-09-13 16:29:08,https://avonautobrokers.com/newandusedcars?page=4,2015 BMW X6xDrive50i,Automatic,xDrive50i,SUV,5UXKU6C58F0F93866,2015
159 Memorial Drive,Avon,Avon Auto Brokers,MA,02322,All Wheel Drive,3.0L Straight 6 Cylinder Engine,Jet Black,Black,BMW,58679,X6,X6 xDrive35i,39995.0,2022-09-13 16:29:08,https://avonautobrokers.com/newandusedcars?page=4,2016 BMW X6xDrive35i,AutoStick,xDrive35i,SUV,5UXKU2C50G0N83162,2016
159 Memorial Drive,Avon,Avon Auto Brokers,MA,02322,All Wheel Drive,3.0L Straight 6 Cylinder Engine,Jet Black,Black,BMW,72518,X6,X6 xDrive35i,37995.0,2022-09-13 16:29:08,https://avonautobrokers.com/newandusedcars?page=4,2016 BMW X6xDrive35i,Automatic,xDrive35i,SUV,5UXKU2C50G0N84098,2016
159 Memorial Drive,Avon,Avon Auto Brokers,MA,02322,All Wheel Drive,6.0L 12 Cylinder Engine,Black,Tan,Bentley,41193,Continental GT,Continental GT 2dr Cpe,49995.0,2022-09-13 16:29:08,https://avonautobrokers.com/newandusedcars?page=4,2007 Bentley Continental GT2dr Cpe,Automatic,2dr Cpe,Coupe,SCBCR73WX7C040075,2007
159 Memorial Drive,Avon,Avon Auto Brokers,MA,02322,All Wheel Drive,2.0L 4 Cylinder Engine,Moonstone Metallic,Light Neutral with Medium Cashmere Accents,Cadillac,55124,ATS,ATS Premium Collection AWD,26888.0,2022-09-13 16:29:08,https://avonautobrokers.com/newandusedcars?page=4,2016 Cadillac ATSPremium Collection AWD,Automatic,Premium Collection AWD,Sedan,1G6AL5SX1G0100737,2016
159 Memorial Drive,Avon,Avon Auto Brokers,MA,02322,All Wheel Drive,6.2L 8 Cylinder Engine,Black Raven,Black,Cadillac,81640,Escalade,Escalade Premium,29995.0,2022-09-13 16:29:08,https://avonautobrokers.com/newandusedcars?page=4,2013 Cadillac EscaladePremium,Automatic,Premium,SUV,1GYS4CEF8DR310498,2013
159 Memorial Drive,Avon,Avon Auto Brokers,MA,02322,AWD,6.2L 8 Cyl.,White Diamond Tricoat,Brown,Cadillac,56345,Escalade,Escalade Luxury,34888.0,2022-09-13 16:29:08,https://avonautobrokers.com/newandusedcars?page=4,2014 Cadillac EscaladeLuxury,Automatic,Luxury,SUV,1GYS4BEF5ER160295,2014
159 Memorial Drive,Avon,Avon Auto Brokers,MA,02322,All Wheel Drive,6.2L 8 Cylinder Engine,Mocha Steel Metallic,Ebony/Ebony,Cadillac,61798,Escalade,Escalade Platinum,35995.0,2022-09-13 16:29:08,https://avonautobrokers.com/newandusedcars?page=4,2014 Cadillac EscaladePlatinum,Automatic,Platinum,SUV,1GYS4KEF7ER191127,2014
159 Memorial Drive,Avon,Avon Auto Brokers,MA,02322,All Wheel Drive,6.2L 8 Cylinder Engine,Mocha Steel Metallic,Brown,Cadillac,65927,Escalade,Escalade Luxury,30995.0,2022-09-13 16:29:08,https://avonautobrokers.com/newandusedcars?page=4,2014 Cadillac EscaladeLuxury,Automatic,Luxury,SUV,1GYS4BEF7ER177132,2014
159 Memorial Drive,Avon,Avon Auto Brokers,MA,02322,Four Wheel Drive,6.2L 8 Cylinder Engine,Silver Coast Metallic,Shale with Cocoa Accents,Cadillac,71815,Escalade,Escalade Luxury,44450.0,2022-09-13 16:29:08,https://avonautobrokers.com/newandusedcars?page=4,2017 Cadillac EscaladeLuxury,Automatic,Luxury,SUV,1GYS4BKJ5HR323055,2017
159 Memorial Drive,Avon,Avon Auto Brokers,MA,02322,Rear Wheel Drive,3.6L V6 Cylinder Engine,Imperial Blue Metallic,Black,Chevrolet,43876,Camaro,Camaro 1LT,18888.0,2022-09-13 16:29:08,https://avonautobrokers.com/newandusedcars?page=4,2010 Chevrolet Camaro1LT,Automatic,1LT,Coupe,2G1FB1EV4A9181408,2010
159 Memorial Drive,Avon,Avon Auto Brokers,MA,02322,Rear Wheel Drive,6.2L 8 Cylinder Engine,Summit White,Orange,Chevrolet,61898,Camaro,Camaro 2SS,25995.0,2022-09-13 16:29:08,https://avonautobrokers.com/newandusedcars?page=4,2011 Chevrolet Camaro2SS,Automatic,2SS,Coupe,2G1FK1EJXB9113953,2011
159 Memorial Drive,Avon,Avon Auto Brokers,MA,02322,Rear Wheel Drive,6.2L 8 Cylinder Engine,Silver Ice Metallic,Gray,Chevrolet,73962,Camaro,Camaro 2SS,25750.0,2022-09-13 16:29:08,https://avonautobrokers.com/newandusedcars?page=4,2011 Chevrolet Camaro2SS,Automatic,2SS,Convertible,2G1FK3DJ3B9201191,2011
159 Memorial Drive,Avon,Avon Auto Brokers,MA,02322,Rear Wheel Drive,3.6L V6 Cylinder Engine,Black,Black,Chevrolet,58816,Camaro,Camaro LS,17995.0,2022-09-13 16:29:08,https://avonautobrokers.com/newandusedcars?page=4,2013 Chevrolet CamaroLS,6 Speed Manual,LS,Coupe,2G1FE1E3XD9137472,2013
159 Memorial Drive,Avon,Avon Auto Brokers,MA,02322,RWD,6.2L,Red,Black,Chevrolet,37517,Camaro,Camaro 2dr Cpe 2SS,33888.0,2022-09-13 16:29:08,https://avonautobrokers.com/newandusedcars?page=4,2016 Chevrolet Camaro2dr Cpe 2SS,6 Speed Manual,2dr Cpe 2SS,Coupe,1G1FE1R78G0143072,2016
159 Memorial Drive,Avon,Avon Auto Brokers,MA,02322,Rear Wheel Drive,6.2L 8 Cylinder Engine,Bright Yellow,Black,Chevrolet,64067,Camaro,Camaro 1SS,30995.0,2022-09-13 16:29:08,https://avonautobrokers.com/newandusedcars?page=5,2017 Chevrolet Camaro1SS,Automatic,1SS,Convertible,1G1FF3D72H0140833,2017
159 Memorial Drive,Avon,Avon Auto Brokers,MA,02322,Rear Wheel Drive,3.6L V6 Cylinder Engine,Satin Steel Gray Metallic,Black,Chevrolet,22939,Camaro,Camaro 2LT,36995.0,2022-09-13 16:29:08,https://avonautobrokers.com/newandusedcars?page=5,2020 Chevrolet Camaro2LT,Automatic,2LT,Coupe,1G1FD1RS1L0133534,2020
159 Memorial Drive,Avon,Avon Auto Brokers,MA,02322,,5.7L 8 Cylinder Engine,White,White,Chevrolet,82515,Corvette,Corvette 2dr Hatchback Coupe,13995.0,2022-09-13 16:29:08,https://avonautobrokers.com/newandusedcars?page=5,1988 Chevrolet Corvette2dr Hatchback Coupe,Automatic,2dr Hatchback Coupe,Hatchback,1G1YY2182J5117183,1988
159 Memorial Drive,Avon,Avon Auto Brokers,MA,02322,RWD,5.7L 8 Cylinder Engine,GREEN,Brown,Chevrolet,53793,Corvette,Corvette 2dr Convertible,17495.0,2022-09-13 16:29:08,https://avonautobrokers.com/newandusedcars?page=5,1995 Chevrolet Corvette2dr Convertible,Automatic,2dr Convertible,Convertible,1G1YY32P4S5116923,1995
159 Memorial Drive,Avon,Avon Auto Brokers,MA,02322,Rear Wheel Drive,5.7L 8 Cylinder Engine,Sebring Silver (Met),Gray,Chevrolet,62287,Corvette,Corvette 2dr Cpe,16888.0,2022-09-13 16:29:08,https://avonautobrokers.com/newandusedcars?page=5,1998 Chevrolet Corvette2dr Cpe,Automatic,2dr Cpe,Coupe,1G1YY22G2W5115088,1998
159 Memorial Drive,Avon,Avon Auto Brokers,MA,02322,Rear Wheel Drive,5.7L 8 Cylinder Engine,Black,Beige,Chevrolet,44453,Corvette,Corvette 2dr Convertible,23995.0,2022-09-13 16:29:08,https://avonautobrokers.com/newandusedcars?page=5,2003 Chevrolet Corvette2dr Convertible,Automatic,2dr Convertible,Convertible,1G1YY32GX35105555,2003
159 Memorial Drive,Avon,Avon Auto Brokers,MA,02322,Rear Wheel Drive,6.0L 8 Cylinder Engine,Black,Black,Chevrolet,37982,Corvette,Corvette 2dr Conv,28995.0,2022-09-13 16:29:08,https://avonautobrokers.com/newandusedcars?page=5,2007 Chevrolet Corvette2dr Conv,Automatic,2dr Conv,Convertible,1G1YY36U775117703,2007
159 Memorial Drive,Avon,Avon Auto Brokers,MA,02322,Rear Wheel Drive,6.2L 8 Cylinder Engine,Arctic White,Red,Chevrolet,61728,Corvette,Corvette Z16 Grand Sport w/3LT,35888.0,2022-09-13 16:29:08,https://avonautobrokers.com/newandusedcars?page=5,2011 Chevrolet CorvetteZ16 Grand Sport w/3LT,Automatic,Z16 Grand Sport w/3LT,Coupe,1G1YW2DW6B5108388,2011
159 Memorial Drive,Avon,Avon Auto Brokers,MA,02322,FWD,1.4L 4 Cyl.,Black Granite Metallic,Black,Chevrolet,83884,Cruze,Cruze LTZ,14888.0,2022-09-13 16:29:08,https://avonautobrokers.com/newandusedcars?page=5,2014 Chevrolet CruzeLTZ,Automatic,LTZ,Sedan,1G1PG5SBXE7414349,2014
159 Memorial Drive,Avon,Avon Auto Brokers,MA,02322,All Wheel Drive,2.4 4 Cylinder Engine,BLUE,,Chevrolet,163962,Equinox,Equinox LT,8995.0,2022-09-13 16:29:08,https://avonautobrokers.com/newandusedcars?page=5,2016 Chevrolet EquinoxLT,6 Speed Automatic,LT,SUV,2GNFLFEK0G6170351,2016
159 Memorial Drive,Avon,Avon Auto Brokers,MA,02322,Front Wheel Drive,3.6L V6 Cylinder Engine,Silver Ice Metallic,Black,Chevrolet,77350,Impala,Impala LT Retail,10995.0,2022-09-13 16:29:08,https://avonautobrokers.com/newandusedcars?page=5,2012 Chevrolet ImpalaLT Retail,Automatic,LT Retail,Sedan,2G1WB5E38C1115578,2012
159 Memorial Drive,Avon,Avon Auto Brokers,MA,02322,Four Wheel Drive,5.3L 8 Cylinder Engine,Graystone Metallic,Black,Chevrolet,190134,Silverado 1500,Silverado 1500 LT w/1LT,6995.0,2022-09-13 16:29:08,https://avonautobrokers.com/newandusedcars?page=5,2008 Chevrolet Silverado 1500LT w/1LT,Automatic,LT w/1LT,Truck,1GCEK14J08E156739,2008
159 Memorial Drive,Avon,Avon Auto Brokers,MA,02322,Four Wheel Drive,5.3L 8 Cylinder Engine,Summit White,Black,Chevrolet,61097,Tahoe,Tahoe LTZ,31450.0,2022-09-13 16:29:08,https://avonautobrokers.com/newandusedcars?page=5,2014 Chevrolet TahoeLTZ,Automatic,LTZ,SUV,1GNSKCE00ER221525,2014
159 Memorial Drive,Avon,Avon Auto Brokers,MA,02322,Four Wheel Drive,5.3L 8 Cylinder Engine,Crystal Red Tintcoat,Black,Chevrolet,61510,Tahoe,Tahoe LT,35888.0,2022-09-13 16:29:08,https://avonautobrokers.com/newandusedcars?page=5,2015 Chevrolet TahoeLT,Automatic,LT,SUV,1GNSKBKC5FR232918,2015
159 Memorial Drive,Avon,Avon Auto Brokers,MA,02322,All Wheel Drive,3.6L V6 Cylinder Engine,Granite Crystal Metallic Clearcoat,Black,Chrysler,98867,300,300 4dr Sdn AWD,14888.0,2022-09-13 16:29:08,https://avonautobrokers.com/newandusedcars?page=5,2014 Chrysler 3004dr Sdn AWD,Automatic,4dr Sdn AWD,Sedan,2C3CCARG1EH276575,2014
159 Memorial Drive,Avon,Avon Auto Brokers,MA,02322,Rear Wheel Drive,3.6L V6 Cylinder Engine,Black,Dark Slate Gray Interior,Dodge,86907,Challenger,Challenger Rallye Redline,18495.0,2022-09-13 16:29:08,https://avonautobrokers.com/newandusedcars?page=5,2013 Dodge ChallengerRallye Redline,Automatic,Rallye Redline,Coupe,2C3CDYAG6DH524724,2013
159 Memorial Drive,Avon,Avon Auto Brokers,MA,02322,All Wheel Drive,5.7L 8 Cylinder Engine,DB Black Clearcoat,Red,Dodge,49273,Durango,Durango R/T,43888.0,2022-09-13 16:29:08,https://avonautobrokers.com/newandusedcars?page=5,2018 Dodge DurangoR/T,Automatic,R/T,SUV,1C4SDJCT6JC291130,2018
159 Memorial Drive,Avon,Avon Auto Brokers,MA,02322,Rear Wheel Drive,5.4L 8 Cylinder Engine,Pueblo Gold,Medium Pebble,Ford,84695,Econoline,Econoline XLT,23995.0,2022-09-13 16:29:08,https://avonautobrokers.com/newandusedcars?page=5,2013 Ford EconolineXLT,Automatic,XLT,Passenger Van,1FBNE3BL9DDA22601,2013
159 Memorial Drive,Avon,Avon Auto Brokers,MA,02322,Four Wheel Drive,3.5 V6 Cylinder Engine,GRAY,,Ford,124332,Explorer,Explorer Limited,,2022-09-13 16:29:08,https://avonautobrokers.com/newandusedcars?page=5,2011 Ford ExplorerLimited,6 Speed Automatic,Limited,SUV,1FMHK8F81BGA36892,2011
159 Memorial Drive,Avon,Avon Auto Brokers,MA,02322,Four Wheel Drive,5.0L 8 Cylinder Engine,Oxford White,Black,Ford,108733,F-150,F-150 Lariat,28495.0,2022-09-13 16:29:08,https://avonautobrokers.com/newandusedcars?page=5,2013 Ford F-150Lariat,Automatic,Lariat,Truck,1FTFW1EF2DFD21391,2013
159 Memorial Drive,Avon,Avon Auto Brokers,MA,02322,Four Wheel Drive,6.2L 8 Cylinder Engine,Oxford White,Steel,Ford,25515,F-250 SD,F-250 SD XL,27995.0,2022-09-13 16:29:08,https://avonautobrokers.com/newandusedcars?page=5,2011 Ford F-250 SDXL,Automatic,XL,Truck,1FTBF2B66BEC43676,2011
159 Memorial Drive,Avon,Avon Auto Brokers,MA,02322,Four Wheel Drive,6.2L 8 Cylinder Engine,Oxford White,Adobe,Ford,80045,F-250 SD,F-250 SD XLT,27888.0,2022-09-13 16:29:08,https://avonautobrokers.com/newandusedcars?page=5,2012 Ford F-250 SDXLT,Automatic,XLT,Truck,1FT7X2B69CEC37553,2012
159 Memorial Drive,Avon,Avon Auto Brokers,MA,02322,4WD,6.2L 8 Cylinder Engine,Tuxedo Black Metallic,Black,Ford,66862,F-250 SD,F-250 SD Platinum,44995.0,2022-09-13 16:29:08,https://avonautobrokers.com/newandusedcars?page=5,2013 Ford F-250 SDPlatinum,Automatic,Platinum,Truck,1FT7W2B6XDEB27065,2013
159 Memorial Drive,Avon,Avon Auto Brokers,MA,02322,Four Wheel Drive,6.2L 8 Cylinder Engine,White Platinum Metallic Tri-Coat,Black/Dark Marsala,Ford,67487,F-250 SD,F-250 SD Platinum,63995.0,2022-09-13 16:29:08,https://avonautobrokers.com/newandusedcars?page=5,2019 Ford F-250 SDPlatinum,Automatic,Platinum,Truck,1FT7W2B68KEC72781,2019
159 Memorial Drive,Avon,Avon Auto Brokers,MA,02322,Rear Wheel Drive,4.6L 8 Cylinder Engine,Performance White,Charcoal,Ford,10746,Mustang,Mustang GT Premium,31995.0,2022-09-13 16:29:08,https://avonautobrokers.com/newandusedcars?page=5,2007 Ford MustangGT Premium,5 Speed Manual,GT Premium,Coupe,1ZVHT82H875342107,2007
159 Memorial Drive,Avon,Avon Auto Brokers,MA,02322,Rear Wheel Drive,3.7L V6 Cylinder Engine,Grabber Blue,Black,Ford,68065,Mustang,Mustang V6,16450.0,2022-09-13 16:29:09,https://avonautobrokers.com/newandusedcars?page=6,2012 Ford MustangV6,6 Speed Manual,V6,Coupe,1ZVBP8AMXC5247017,2012
159 Memorial Drive,Avon,Avon Auto Brokers,MA,02322,Rear Wheel Drive,2.3L 4 Cylinder Engine,Triple Yellow Tri-Coat,Ebony w/Yellow Jckt Stch,Ford,31676,Mustang,Mustang EcoBoost Premium,24995.0,2022-09-13 16:29:09,https://avonautobrokers.com/newandusedcars?page=6,2016 Ford MustangEcoBoost Premium,6 Speed Manual,EcoBoost Premium,Coupe,1FA6P8TH0G5227861,2016
159 Memorial Drive,Avon,Avon Auto Brokers,MA,02322,Rear Wheel Drive,2.3L 4 Cylinder Engine,Ingot Silver Metallic,Black,Ford,27071,Mustang,Mustang EcoBoost,29995.0,2022-09-13 16:29:09,https://avonautobrokers.com/newandusedcars?page=6,2019 Ford MustangEcoBoost,Automatic,EcoBoost,Coupe,1FA6P8TH3K5165817,2019
159 Memorial Drive,Avon,Avon Auto Brokers,MA,02322,All Wheel Drive,3.6 V6 Cylinder Engine,BLACK,,GMC,132494,Acadia,Acadia Denali,,2022-09-13 16:29:09,https://avonautobrokers.com/newandusedcars?page=6,2014 GMC AcadiaDenali,6 Speed Automatic,Denali,SUV,1GKKVTKD9EJ350308,2014
159 Memorial Drive,Avon,Avon Auto Brokers,MA,02322,All Wheel Drive,3.8L V6 Cylinder Engine,Casablanca White,Gray,,54177,,None 3.8L,28995.0,2022-09-13 16:29:09,https://avonautobrokers.com/newandusedcars?page=6,2017 None None3.8L,Automatic,3.8L,Sedan,KMHGN4JE9HU191726,2017
159 Memorial Drive,Avon,Avon Auto Brokers,MA,02322,Front Wheel Drive,2.4L 4 Cylinder Engine,Crystal Black Pearl,White,Honda,56461,Accord,Accord SE,15995.0,2022-09-13 16:29:09,https://avonautobrokers.com/newandusedcars?page=6,2011 Honda AccordSE,Automatic,SE,Sedan,1HGCP2F65BA064789,2011
159 Memorial Drive,Avon,Avon Auto Brokers,MA,02322,Four Wheel Drive,2.4L 4 Cylinder Engine,Crystal Black Pearl,Black,Honda,141355,CR-V,CR-V EX-L,13995.0,2022-09-13 16:29:09,https://avonautobrokers.com/newandusedcars?page=6,2012 Honda CR-VEX-L,Automatic,EX-L,SUV,JHLRM4H71CC003225,2012
159 Memorial Drive,Avon,Avon Auto Brokers,MA,02322,Four Wheel Drive,3.5L V6 Cylinder Engine,Crystal Black Pearl,Black,Honda,84105,Crosstour,Crosstour EX-L,18995.0,2022-09-13 16:29:09,https://avonautobrokers.com/newandusedcars?page=6,2013 Honda CrosstourEX-L,Automatic,EX-L,SUV,5J6TF2H53DL006431,2013
159 Memorial Drive,Avon,Avon Auto Brokers,MA,02322,All Wheel Drive,1.8L 4 Cylinder Engine,Modern Steel Metallic,Black,Honda,62538,HR-V,HR-V EX,23995.0,2022-09-13 16:29:09,https://avonautobrokers.com/newandusedcars?page=6,2017 Honda HR-VEX,Automatic,EX,SUV,3CZRU6H57HM702818,2017
159 Memorial Drive,Avon,Avon Auto Brokers,MA,02322,Front Wheel Drive,3.5L V6 Cylinder Engine,White Diamond Pearl,Gray,Honda,88257,Odyssey,Odyssey EX-L,23995.0,2022-09-13 16:29:09,https://avonautobrokers.com/newandusedcars?page=6,2016 Honda OdysseyEX-L,Automatic,EX-L,Van-Minivan,5FNRL5H6XGB051649,2016
159 Memorial Drive,Avon,Avon Auto Brokers,MA,02322,All Wheel Drive,3.5L V6 Cylinder Engine,Dark Cherry Pearl,Gray,Honda,117589,Pilot,Pilot EX,18495.0,2022-09-13 16:29:09,https://avonautobrokers.com/newandusedcars?page=6,2016 Honda PilotEX,Automatic,EX,SUV,5FNYF6H32GB053670,2016
159 Memorial Drive,Avon,Avon Auto Brokers,MA,02322,All Wheel Drive,3.5L V6 Cylinder Engine,White Diamond Pearl,Black,Honda,98711,Ridgeline,Ridgeline RTL,26888.0,2022-09-13 16:29:09,https://avonautobrokers.com/newandusedcars?page=6,2017 Honda RidgelineRTL,Automatic,RTL,Truck,5FPYK3F57HB010255,2017
159 Memorial Drive,Avon,Avon Auto Brokers,MA,02322,FWD,1.8L 4 Cyl.,Venetian Red,Beige,Hyundai,78996,Elantra,Elantra SE,13995.0,2022-09-13 16:29:09,https://avonautobrokers.com/newandusedcars?page=6,2015 Hyundai ElantraSE,6 Speed Automatic,SE,Sedan,5NPDH4AE2FH578043,2015
159 Memorial Drive,Avon,Avon Auto Brokers,MA,02322,All Wheel Drive,2.0L 4 Cylinder Engine,Narvik Black,Ebony/Ebony,Jaguar,21933,E-Pace,E-Pace P250 AWD,32888.0,2022-09-13 16:29:09,https://avonautobrokers.com/newandusedcars?page=6,2019 Jaguar E-PaceP250 AWD,Automatic,P250 AWD,SUV,SADFK2FX1K1Z34173,2019
159 Memorial Drive,Avon,Avon Auto Brokers,MA,02322,All Wheel Drive,3.0L V6 Cylinder Engine,Dark Sapphire Metallic,Jet/Tonal Stitch,Jaguar,45718,F-Pace,F-Pace 35t Premium,33750.0,2022-09-13 16:29:09,https://avonautobrokers.com/newandusedcars?page=6,2017 Jaguar F-Pace35t Premium,Automatic,35t Premium,Sedan,SADCJ2BV1HA880960,2017
159 Memorial Drive,Avon,Avon Auto Brokers,MA,02322,All Wheel Drive,3.0L V6 Cylinder Engine,Glacier White Metallic,Jet/Tan Stitch,Jaguar,69333,F-Pace,F-Pace 35t Prestige,28995.0,2022-09-13 16:29:09,https://avonautobrokers.com/newandusedcars?page=6,2017 Jaguar F-Pace35t Prestige,Automatic,35t Prestige,Sedan,SADCK2BV1HA891471,2017
159 Memorial Drive,Avon,Avon Auto Brokers,MA,02322,All Wheel Drive,3.0L V6 Cylinder Engine,Ebony,Ivory/Jet,Jaguar,55967,XJ-Series,XJ-Series XJL Portfolio,25888.0,2022-09-13 16:29:09,https://avonautobrokers.com/newandusedcars?page=6,2014 Jaguar XJ-SeriesXJL Portfolio,Automatic,XJL Portfolio,Sedan,SAJWJ2GD4E8V60030,2014
159 Memorial Drive,Avon,Avon Auto Brokers,MA,02322,All Wheel Drive,3.0L V6 Cylinder Engine,Glacier White Metallic,Jet/Ivory,Jaguar,49281,XJ-Series,XJ-Series XJL Portfolio,33995.0,2022-09-13 16:29:09,https://avonautobrokers.com/newandusedcars?page=6,2016 Jaguar XJ-SeriesXJL Portfolio,Automatic,XJL Portfolio,Sedan,SAJWJ2GD3G8V91336,2016
159 Memorial Drive,Avon,Avon Auto Brokers,MA,02322,Four Wheel Drive,3.6L V6 Cylinder Engine,Stone White,Black Interior,Jeep,83996,Grand Cherokee,Grand Cherokee Laredo,14888.0,2022-09-13 16:29:09,https://avonautobrokers.com/newandusedcars?page=6,2011 Jeep Grand CherokeeLaredo,Automatic,Laredo,SUV,1J4RR4GG3BC555124,2011
159 Memorial Drive,Avon,Avon Auto Brokers,MA,02322,Four Wheel Drive,3.6L V6 Cylinder Engine,Granite Crystal Metallic Clearcoat,Black,Jeep,83241,Grand Cherokee,Grand Cherokee Limited,25888.0,2022-09-13 16:29:09,https://avonautobrokers.com/newandusedcars?page=6,2017 Jeep Grand CherokeeLimited,Automatic,Limited,SUV,1C4RJFBGXHC955044,2017
159 Memorial Drive,Avon,Avon Auto Brokers,MA,02322,4WD,3.6L,Diamond Black Crystal Pearlcoat,Black,Jeep,70083,Grand Cherokee,Grand Cherokee Overland,33888.0,2022-09-13 16:29:09,https://avonautobrokers.com/newandusedcars?page=6,2018 Jeep Grand CherokeeOverland,8 Speed Automatic,Overland,SUV,1C4RJFCG5JC104631,2018
159 Memorial Drive,Avon,Avon Auto Brokers,MA,02322,4WD,3.6L,Diamond Black Crystal Pearlcoat,Black,Jeep,35525,Grand Cherokee,Grand Cherokee Limited X,39995.0,2022-09-13 16:29:09,https://avonautobrokers.com/newandusedcars?page=6,2019 Jeep Grand CherokeeLimited X,8 Speed Automatic,Limited X,SUV,1C4RJFBG3KC727054,2019
159 Memorial Drive,Avon,Avon Auto Brokers,MA,02322,Four Wheel Drive,3.6L V6 Cylinder Engine,Black Clearcoat,Black,Jeep,68608,Wrangler,Wrangler Backcountry,32750.0,2022-09-13 16:29:09,https://avonautobrokers.com/newandusedcars?page=6,2016 Jeep WranglerBackcountry,Automatic,Backcountry,SUV,1C4BJWEG8GL206576,2016
159 Memorial Drive,Avon,Avon Auto Brokers,MA,02322,Front Wheel Drive,2.0L 4 Cylinder Engine,Clear White,Black,Kia,24610,Forte,Forte LXS,21750.0,2022-09-13 16:29:09,https://avonautobrokers.com/newandusedcars?page=6,2019 Kia ForteLXS,Automatic,LXS,Sedan,3KPF24AD6KE123146,2019
159 Memorial Drive,Avon,Avon Auto Brokers,MA,02322,Front Wheel Drive,2.4L 4 Cylinder Engine,Snow White Pearl,Black,Kia,20781,Optima,Optima LX,22750.0,2022-09-13 16:29:09,https://avonautobrokers.com/newandusedcars?page=6,2019 Kia OptimaLX,Automatic,LX,Sedan,5XXGT4L31KG365193,2019
159 Memorial Drive,Avon,Avon Auto Brokers,MA,02322,Four Wheel Drive,5.2L 10 Cylinder Engine,Nero Noctis (Black),Black,Lamborghini,29809,Gallardo,Gallardo Spyder,143999.0,2022-09-13 16:29:10,https://avonautobrokers.com/newandusedcars?page=7,2011 Lamborghini GallardoSpyder,Automatic,Spyder,Convertible,ZHWGU6AUXBLA10103,2011
159 Memorial Drive,Avon,Avon Auto Brokers,MA,02322,All Wheel Drive,6.2L 12 Cylinder Engine,Yellow,Black,Lamborghini,27569,Murcielago,Murcielago 2dr Cpe,174995.0,2022-09-13 16:29:10,https://avonautobrokers.com/newandusedcars?page=7,2004 Lamborghini Murcielago2dr Cpe,Automatic,2dr Cpe,Coupe,ZHWBU16S64LA00952,2004
159 Memorial Drive,Avon,Avon Auto Brokers,MA,02322,Four Wheel Drive,2.0L 4 Cylinder Engine,Indus Silver Metallic,Almond/Ebony,Land Rover,70586,Discovery Sport,Discovery Sport HSE,23995.0,2022-09-13 16:29:10,https://avonautobrokers.com/newandusedcars?page=7,2016 Land Rover Discovery SportHSE,Automatic,HSE,SUV,SALCR2BG6GH594347,2016
159 Memorial Drive,Avon,Avon Auto Brokers,MA,02322,Four Wheel Drive,2.0L 4 Cylinder Engine,Narvik Black,Ebony/Ebony,Land Rover,13323,Discovery Sport,Discovery Sport HSE,35888.0,2022-09-13 16:29:10,https://avonautobrokers.com/newandusedcars?page=7,2018 Land Rover Discovery SportHSE,Automatic,HSE,SUV,SALCR2RX7JH766446,2018
159 Memorial Drive,Avon,Avon Auto Brokers,MA,02322,Four Wheel Drive,2.0L 4 Cylinder Engine,Eiger Grey Metallic,Black,Land Rover,25217,Discovery Sport,Discovery Sport S,39750.0,2022-09-13 16:29:10,https://avonautobrokers.com/newandusedcars?page=7,2020 Land Rover Discovery SportS,Automatic,S,SUV,SALCJ2FX7LH845761,2020
159 Memorial Drive,Avon,Avon Auto Brokers,MA,02322,All Wheel Drive,5.0L 8 Cylinder Engine,Santorini Black Metallic,Black,Land Rover,88702,LR4,LR4 HSE,16888.0,2022-09-13 16:29:10,https://avonautobrokers.com/newandusedcars?page=7,2010 Land Rover LR4HSE,Automatic,HSE,SUV,SALAG2D41AA545637,2010
159 Memorial Drive,Avon,Avon Auto Brokers,MA,02322,All Wheel Drive,5.0L 8 Cylinder Engine,Mariana Black Metallic,Black,Land Rover,74605,LR4,LR4 LUX,26888.0,2022-09-13 16:29:10,https://avonautobrokers.com/newandusedcars?page=7,2013 Land Rover LR4LUX,Automatic,LUX,SUV,SALAK2D44DA699441,2013
159 Memorial Drive,Avon,Avon Auto Brokers,MA,02322,4WD,3.0L V6,Santorini Black Metallic,Black,Land Rover,72248,LR4,LR4 HSE,30995.0,2022-09-13 16:29:10,https://avonautobrokers.com/newandusedcars?page=7,2015 Land Rover LR4HSE,8 Speed Automatic,HSE,SUV,SALAG2V6XFA771778,2015
159 Memorial Drive,Avon,Avon Auto Brokers,MA,02322,Four Wheel Drive,3.0L V6 Cylinder Engine,Fuji White,Almond w/Arabica,Land Rover,70860,LR4,LR4 HSE,32995.0,2022-09-13 16:29:10,https://avonautobrokers.com/newandusedcars?page=7,2016 Land Rover LR4HSE,Automatic,HSE,SUV,SALAG2V63GA806260,2016
159 Memorial Drive,Avon,Avon Auto Brokers,MA,02322,Four Wheel Drive,3.0L V6 Cylinder Engine,Fuji White,Black,Land Rover,79632,LR4,LR4 HSE,29995.0,2022-09-13 16:29:10,https://avonautobrokers.com/newandusedcars?page=7,2016 Land Rover LR4HSE,Automatic,HSE,SUV,SALAG2V68GA813592,2016
159 Memorial Drive,Avon,Avon Auto Brokers,MA,02322,Four Wheel Drive,4.2L 8 Cylinder Engine,Zermatt Silver,White,Land Rover,87877,Range Rover,Range Rover SC,14888.0,2022-09-13 16:29:10,https://avonautobrokers.com/newandusedcars?page=7,2007 Land Rover Range RoverSC,Automatic,SC,SUV,SALMF13497A261208,2007
159 Memorial Drive,Avon,Avon Auto Brokers,MA,02322,Four Wheel Drive,2.0L 4 Cylinder Engine,Loire Blue Metallic,Almond/Espresso,Land Rover,40272,Range Rover Evoque,Range Rover Evoque Pure Plus,28995.0,2022-09-13 16:29:10,https://avonautobrokers.com/newandusedcars?page=7,2015 Land Rover Range Rover EvoquePure Plus,Automatic,Pure Plus,SUV,SALVP2BG6FH027195,2015
159 Memorial Drive,Avon,Avon Auto Brokers,MA,02322,Four Wheel Drive,2.0L 4 Cylinder Engine,Fuji White,Almond/Almond,Land Rover,68532,Range Rover Evoque,Range Rover Evoque SE,27995.0,2022-09-13 16:29:10,https://avonautobrokers.com/newandusedcars?page=7,2017 Land Rover Range Rover EvoqueSE,Automatic,SE,SUV,SALVP2BG6HH170344,2017
159 Memorial Drive,Avon,Avon Auto Brokers,MA,02322,Four Wheel Drive,2.0L 4 Cylinder Engine,Fuji White,Almond/Almond,Land Rover,62895,Range Rover Evoque,Range Rover Evoque SE,27995.0,2022-09-13 16:29:10,https://avonautobrokers.com/newandusedcars?page=7,2018 Land Rover Range Rover EvoqueSE,Automatic,SE,SUV,SALVP2RX1JH277863,2018
159 Memorial Drive,Avon,Avon Auto Brokers,MA,02322,4WD,2.0L 4 Cyl.,Fuji White,Almond/Almond,Land Rover,33694,Range Rover Evoque,Range Rover Evoque SE Premium,34888.0,2022-09-13 16:29:10,https://avonautobrokers.com/newandusedcars?page=7,2019 Land Rover Range Rover EvoqueSE Premium,9-Speed A/T,SE Premium,SUV,SALVP2RX1KH339392,2019
159 Memorial Drive,Avon,Avon Auto Brokers,MA,02322,Four Wheel Drive,5.0L 8 Cylinder Engine,Barolo Black Metallic,Ebony/Tan,Land Rover,85776,Range Rover Sport,Range Rover Sport Supercharged,32750.0,2022-09-13 16:29:10,https://avonautobrokers.com/newandusedcars?page=7,2014 Land Rover Range Rover SportSupercharged,Automatic,Supercharged,SUV,SALWR2TF7EA393050,2014
159 Memorial Drive,Avon,Avon Auto Brokers,MA,02322,Four Wheel Drive,3.0L V6 Cylinder Engine,Fuji White,Ebony/Ivory,Land Rover,76946,Range Rover Sport,Range Rover Sport HSE,30888.0,2022-09-13 16:29:10,https://avonautobrokers.com/newandusedcars?page=7,2014 Land Rover Range Rover SportHSE,Automatic,HSE,SUV,SALWR2VF9EA305533,2014
159 Memorial Drive,Avon,Avon Auto Brokers,MA,02322,Four Wheel Drive,3.0L V6 Cylinder Engine,Barolo Black,Ebony/Ebony/Ebony/Ebony,Land Rover,83210,Range Rover Sport,Range Rover Sport V6 Diesel HSE,35888.0,2022-09-13 16:29:10,https://avonautobrokers.com/newandusedcars?page=7,2016 Land Rover Range Rover SportV6 Diesel HSE,Automatic,V6 Diesel HSE,SUV,SALWR2KF4GA651335,2016
159 Memorial Drive,Avon,Avon Auto Brokers,MA,02322,Front Wheel Drive,3.5 V6 Cylinder Engine,GRAY,,Lexus,119290,ES 350,ES 350 4dr Sdn,,2022-09-13 16:29:10,https://avonautobrokers.com/newandusedcars?page=7,2011 Lexus ES 3504dr Sdn,6 Speed Automatic,4dr Sdn,Sedan,JTHBK1EG6B2426988,2011
159 Memorial Drive,Avon,Avon Auto Brokers,MA,02322,All Wheel Drive,3.5L V6 Cylinder Engine,Ultra White,Gray,Lexus,83079,IS,IS 4dr Sdn AWD,25495.0,2022-09-13 16:29:10,https://avonautobrokers.com/newandusedcars?page=7,2014 Lexus IS4dr Sdn AWD,Automatic,4dr Sdn AWD,Sedan,JTHCE1D23E5005430,2014
159 Memorial Drive,Avon,Avon Auto Brokers,MA,02322,Rear Wheel Drive,2.5L V6 Cylinder Engine,Matador Red Mica,Alabaster,Lexus,33299,IS C,IS C 2dr Conv Auto,25995.0,2022-09-13 16:29:10,https://avonautobrokers.com/newandusedcars?page=7,2010 Lexus IS C2dr Conv Auto,Automatic,2dr Conv Auto,Convertible,JTHFF2C25A2512164,2010
159 Memorial Drive,Avon,Avon Auto Brokers,MA,02322,All Wheel Drive,3.5L V6 Cylinder Engine,Starfire Pearl,Black,Lexus,72093,RC 350,RC 350 2dr Cpe AWD,,2022-09-13 16:29:10,https://avonautobrokers.com/newandusedcars?page=7,2015 Lexus RC 3502dr Cpe AWD,Automatic,2dr Cpe AWD,Coupe,JTHSE5BC3F5001507,2015
159 Memorial Drive,Avon,Avon Auto Brokers,MA,02322,FWD,1.5L 3 Cyl.,Pepper White,Black Pearl,,14758,,None Cooper,26995.0,2022-09-13 16:29:10,https://avonautobrokers.com/newandusedcars?page=7,2019 None NoneCooper,Automatic,Cooper,Hatchback,WMWXP5C55K2H95312,2019
159 Memorial Drive,Avon,Avon Auto Brokers,MA,02322,All Wheel Drive,3.0L V6 Cylinder Engine,Champagne Metallescent,Sabbia,Maserati,71132,Ghibli,Ghibli S Q4,25995.0,2022-09-13 16:29:10,https://avonautobrokers.com/newandusedcars?page=7,2014 Maserati GhibliS Q4,Automatic,S Q4,Coupe,ZAM57RTA5E1081407,2014
159 Memorial Drive,Avon,Avon Auto Brokers,MA,02322,All Wheel Drive,3.0L V6 Cylinder Engine,Bianco,Rosso Trofeo,Maserati,61785,Ghibli,Ghibli S Q4,32750.0,2022-09-13 16:29:10,https://avonautobrokers.com/newandusedcars?page=7,2015 Maserati GhibliS Q4,Automatic,S Q4,Coupe,ZAM57RTA3F1134123,2015
159 Memorial Drive,Avon,Avon Auto Brokers,MA,02322,All Wheel Drive,3.0L V6 Cylinder Engine,Bianco,Nero,Maserati,45319,Ghibli,Ghibli S Q4,33450.0,2022-09-13 16:29:11,https://avonautobrokers.com/newandusedcars?page=8,2016 Maserati GhibliS Q4,Automatic,S Q4,Sedan,ZAM57RTA8G1174926,2016
159 Memorial Drive,Avon,Avon Auto Brokers,MA,02322,Rear Wheel Drive,4.0L 8 Cylinder Engine,Diamond White Metallic,Black,Mercedes-Benz,27040,AMG GT,AMG GT AMG GT,83995.0,2022-09-13 16:29:11,https://avonautobrokers.com/newandusedcars?page=8,2017 Mercedes-Benz AMG GTAMG GT,Automatic,AMG GT,Coupe,WDDYJ7HA5HA010802,2017
159 Memorial Drive,Avon,Avon Auto Brokers,MA,02322,Rear Wheel Drive,4.0L 8 Cylinder Engine,designo Diamond White Metallic,Black,Mercedes-Benz,32904,AMG GT,AMG GT AMG GT,94995.0,2022-09-13 16:29:11,https://avonautobrokers.com/newandusedcars?page=8,2018 Mercedes-Benz AMG GTAMG GT,Automatic,AMG GT,Convertible,WDDYK7HA6JA014554,2018
159 Memorial Drive,Avon,Avon Auto Brokers,MA,02322,All Wheel Drive,3.0L V6 Cylinder Engine,Mars Red,Black,Mercedes-Benz,72166,C-Class,C-Class 3.0L Luxury,13995.0,2022-09-13 16:29:11,https://avonautobrokers.com/newandusedcars?page=8,2009 Mercedes-Benz C-Class3.0L Luxury,Automatic,3.0L Luxury,Sedan,WDDGF81X69F252617,2009
159 Memorial Drive,Avon,Avon Auto Brokers,MA,02322,All Wheel Drive,3.0L V6 Cylinder Engine,Black,Black,Mercedes-Benz,70998,C-Class,C-Class C 300 Luxury,16450.0,2022-09-13 16:29:11,https://avonautobrokers.com/newandusedcars?page=8,2012 Mercedes-Benz C-ClassC 300 Luxury,Automatic,C 300 Luxury,Sedan,WDDGF8BB9CA626970,2012
159 Memorial Drive,Avon,Avon Auto Brokers,MA,02322,All Wheel Drive,3.5L V6 Cylinder Engine,Black,Black,Mercedes-Benz,86804,C-Class,C-Class C 300 Sport,16450.0,2022-09-13 16:29:11,https://avonautobrokers.com/newandusedcars?page=8,2013 Mercedes-Benz C-ClassC 300 Sport,Automatic,C 300 Sport,Sedan,WDDGF8AB2DR281138,2013
159 Memorial Drive,Avon,Avon Auto Brokers,MA,02322,Rear Wheel Drive,1.8L 4 Cylinder Engine,Diamond White Metallic,Black,Mercedes-Benz,80106,C-Class,C-Class C 250 Sport,18495.0,2022-09-13 16:29:11,https://avonautobrokers.com/newandusedcars?page=8,2014 Mercedes-Benz C-ClassC 250 Sport,Automatic,C 250 Sport,Sedan,WDDGF4HB4EA923292,2014
159 Memorial Drive,Avon,Avon Auto Brokers,MA,02322,Rear Wheel Drive,6.3L 8 Cylinder Engine,Steel Gray Metallic,Black,Mercedes-Benz,85983,C-Class,C-Class C 63 AMG,37450.0,2022-09-13 16:29:11,https://avonautobrokers.com/newandusedcars?page=8,2014 Mercedes-Benz C-ClassC 63 AMG,Automatic,C 63 AMG,Sedan,WDDGF7HBXEA958680,2014
159 Memorial Drive,Avon,Avon Auto Brokers,MA,02322,All Wheel Drive,3.5L V6 Cylinder Engine,Diamond White Metallic,Beige,Mercedes-Benz,89252,C-Class,C-Class C 300 Sport,16888.0,2022-09-13 16:29:11,https://avonautobrokers.com/newandusedcars?page=8,2014 Mercedes-Benz C-ClassC 300 Sport,Automatic,C 300 Sport,Sedan,WDDGF8AB3EA908252,2014
159 Memorial Drive,Avon,Avon Auto Brokers,MA,02322,Rear Wheel Drive,1.8L 4 Cylinder Engine,Diamond White Metallic,Gray,Mercedes-Benz,46911,C-Class,C-Class C 250,22995.0,2022-09-13 16:29:11,https://avonautobrokers.com/newandusedcars?page=8,2015 Mercedes-Benz C-ClassC 250,Automatic,C 250,Coupe,WDDGJ4HB5FG368446,2015
159 Memorial Drive,Avon,Avon Auto Brokers,MA,02322,All Wheel Drive,2.0L 4 Cylinder Engine,Diamond White Metallic,Silk Beige,Mercedes-Benz,40438,C-Class,C-Class C 300,28495.0,2022-09-13 16:29:11,https://avonautobrokers.com/newandusedcars?page=8,2016 Mercedes-Benz C-ClassC 300,Automatic,C 300,Sedan,55SWF4KB5GU164773,2016
159 Memorial Drive,Avon,Avon Auto Brokers,MA,02322,All Wheel Drive,3.0L V6 Cylinder Engine,designo Cardinal Red Metallic,Saddle Brown/Black,Mercedes-Benz,44243,C-Class,C-Class AMG C 43,43750.0,2022-09-13 16:29:11,https://avonautobrokers.com/newandusedcars?page=8,2017 Mercedes-Benz C-ClassAMG C 43,Automatic,AMG C 43,Convertible,WDDWK6EB5HF479967,2017
159 Memorial Drive,Avon,Avon Auto Brokers,MA,02322,All Wheel Drive,3.0L V6 Cylinder Engine,designo Diamond White Metallic,Cranberry Red/Black,Mercedes-Benz,37126,C-Class,C-Class AMG C 43,47888.0,2022-09-13 16:29:11,https://avonautobrokers.com/newandusedcars?page=8,2018 Mercedes-Benz C-ClassAMG C 43,Automatic,AMG C 43,Coupe,WDDWJ6EB8JF661428,2018
159 Memorial Drive,Avon,Avon Auto Brokers,MA,02322,All Wheel Drive,2.0L 4 Cylinder Engine,designo Diamond White Metallic,Silk Beige,Mercedes-Benz,60071,C-Class,C-Class C 300,32450.0,2022-09-13 16:29:11,https://avonautobrokers.com/newandusedcars?page=8,2019 Mercedes-Benz C-ClassC 300,Automatic,C 300,Sedan,55SWF8EB4KU285287,2019
159 Memorial Drive,Avon,Avon Auto Brokers,MA,02322,All Wheel Drive,2.0L 4 Cylinder Engine,Black,AMG Silk Beige,Mercedes-Benz,63499,C-Class,C-Class C 300,30888.0,2022-09-13 16:29:11,https://avonautobrokers.com/newandusedcars?page=8,2019 Mercedes-Benz C-ClassC 300,Automatic,C 300,Sedan,55SWF8EB5KU286609,2019
159 Memorial Drive,Avon,Avon Auto Brokers,MA,02322,Rear Wheel Drive,5.5L 8 Cylinder Engine,Flint Grey Metallic,Black,Mercedes-Benz,88629,CL-Class,CL-Class CL 63 AMG,37495.0,2022-09-13 16:29:11,https://avonautobrokers.com/newandusedcars?page=8,2011 Mercedes-Benz CL-ClassCL 63 AMG,Automatic,CL 63 AMG,Coupe,WDDEJ7EB6BA027471,2011
159 Memorial Drive,Avon,Avon Auto Brokers,MA,02322,All Wheel Drive,2.0 4 Cylinder Engine,WHITE,,Mercedes-Benz,95979,CLA-Class,CLA-Class CLA 250,17995.0,2022-09-13 16:29:11,https://avonautobrokers.com/newandusedcars?page=8,2014 Mercedes-Benz CLA-ClassCLA 250,7 Speed Automatic,CLA 250,Sedan,WDDSJ4GB3EN145490,2014
159 Memorial Drive,Avon,Avon Auto Brokers,MA,02322,Rear Wheel Drive,3.2L V6 Cylinder Engine,Brilliant Silver Metallic,Charcoal,Mercedes-Benz,73476,CLK-Class,CLK-Class 3.2L,12750.0,2022-09-13 16:29:11,https://avonautobrokers.com/newandusedcars?page=8,2005 Mercedes-Benz CLK-Class3.2L,Automatic,3.2L,Convertible,WDBTK65G35T045289,2005
159 Memorial Drive,Avon,Avon Auto Brokers,MA,02322,Rear Wheel Drive,3.5L V6 Cylinder Engine,Black,Gray,Mercedes-Benz,53552,CLK-Class,CLK-Class 3.5L,14888.0,2022-09-13 16:29:11,https://avonautobrokers.com/newandusedcars?page=8,2006 Mercedes-Benz CLK-Class3.5L,Automatic,3.5L,Convertible,WDBTK56G46T064024,2006
159 Memorial Drive,Avon,Avon Auto Brokers,MA,02322,Rear Wheel Drive,3.5L V6 Cylinder Engine,Black,Black,Mercedes-Benz,69019,CLK-Class,CLK-Class 3.5L,14995.0,2022-09-13 16:29:11,https://avonautobrokers.com/newandusedcars?page=8,2009 Mercedes-Benz CLK-Class3.5L,Automatic,3.5L,Convertible,WDBTK56F29T101552,2009
159 Memorial Drive,Avon,Avon Auto Brokers,MA,02322,All Wheel Drive,4.6L 8 Cylinder Engine,Black,Black,Mercedes-Benz,67079,CLS-Class,CLS-Class CLS 550,29995.0,2022-09-13 16:29:11,https://avonautobrokers.com/newandusedcars?page=8,2012 Mercedes-Benz CLS-ClassCLS 550,Automatic,CLS 550,Coupe,WDDLJ9BB6CA042822,2012
159 Memorial Drive,Avon,Avon Auto Brokers,MA,02322,Rear Wheel Drive,4.6L 8 Cylinder Engine,Black,Almond/Mocha,Mercedes-Benz,74382,CLS-Class,CLS-Class CLS 550,25995.0,2022-09-13 16:29:11,https://avonautobrokers.com/newandusedcars?page=8,2012 Mercedes-Benz CLS-ClassCLS 550,Automatic,CLS 550,Coupe,WDDLJ7DB4CA027138,2012
159 Memorial Drive,Avon,Avon Auto Brokers,MA,02322,All Wheel Drive,4.6L 8 Cylinder Engine,Diamond White Metallic,Black,Mercedes-Benz,87990,CLS-Class,CLS-Class CLS 550,27450.0,2022-09-13 16:29:11,https://avonautobrokers.com/newandusedcars?page=8,2013 Mercedes-Benz CLS-ClassCLS 550,Automatic,CLS 550,Coupe,WDDLJ9BB1DA068567,2013
159 Memorial Drive,Avon,Avon Auto Brokers,MA,02322,All Wheel Drive,3.5L V6 Cylinder Engine,Black,Gray,Mercedes-Benz,81873,E-Class,E-Class E 350 Luxury,14750.0,2022-09-13 16:29:11,https://avonautobrokers.com/newandusedcars?page=8,2010 Mercedes-Benz E-ClassE 350 Luxury,Automatic,E 350 Luxury,Sedan,WDDHF8HB0AA218981,2010
159 Memorial Drive,Avon,Avon Auto Brokers,MA,02322,Rear Wheel Drive,5.5 8 Cylinder Engine,BLACK,,Mercedes-Benz,144369,E-Class,E-Class E 550 Luxury,,2022-09-13 16:29:11,https://avonautobrokers.com/newandusedcars?page=8,2010 Mercedes-Benz E-ClassE 550 Luxury,7 Speed Automatic,E 550 Luxury,Sedan,WDDHF7CB0AA050244,2010
159 Memorial Drive,Avon,Avon Auto Brokers,MA,02322,Rear Wheel Drive,3.5L V6 Cylinder Engine,Black,Sand,Mercedes-Benz,63337,E-Class,E-Class E 350,24995.0,2022-09-13 16:29:11,https://avonautobrokers.com/newandusedcars?page=9,2012 Mercedes-Benz E-ClassE 350,Automatic,E 350,Convertible,WDDKK5KF6CF170162,2012
159 Memorial Drive,Avon,Avon Auto Brokers,MA,02322,Rear Wheel Drive,3.5L V6 Cylinder Engine,Mars Red,Black,Mercedes-Benz,55189,E-Class,E-Class E 350,24995.0,2022-09-13 16:29:11,https://avonautobrokers.com/newandusedcars?page=9,2012 Mercedes-Benz E-ClassE 350,Automatic,E 350,Convertible,WDDKK5KF2CF138423,2012
159 Memorial Drive,Avon,Avon Auto Brokers,MA,02322,Rear Wheel Drive,5.5L 8 Cylinder Engine,Diamond Silver Metallic,Black,Mercedes-Benz,80334,E-Class,E-Class E 63 AMG,32999.0,2022-09-13 16:29:11,https://avonautobrokers.com/newandusedcars?page=9,2013 Mercedes-Benz E-ClassE 63 AMG,Automatic,E 63 AMG,Sedan,WDDHF7EB8DA694205,2013
159 Memorial Drive,Avon,Avon Auto Brokers,MA,02322,All Wheel Drive,3.0L V6 Cylinder Engine,designo Diamond White Metallic,Black,Mercedes-Benz,16993,E-Class,E-Class E 400,34995.0,2022-09-13 16:29:11,https://avonautobrokers.com/newandusedcars?page=9,2016 Mercedes-Benz E-ClassE 400,Automatic,E 400,Coupe,WDDKJ6HBXGF336606,2016
159 Memorial Drive,Avon,Avon Auto Brokers,MA,02322,All Wheel Drive,5.5L 8 Cylinder Engine,Black,Black,Mercedes-Benz,70391,G-Class,G-Class G 550,70995.0,2022-09-13 16:29:11,https://avonautobrokers.com/newandusedcars?page=9,2013 Mercedes-Benz G-ClassG 550,Automatic,G 550,SUV,WDCYC3HF9DX202914,2013
159 Memorial Drive,Avon,Avon Auto Brokers,MA,02322,All Wheel Drive,4.0L 8 Cylinder Engine,designo Mystic White Metallic,designo Titanium Gray PL,Mercedes-Benz,66284,G-Class,G-Class G 550,84995.0,2022-09-13 16:29:11,https://avonautobrokers.com/newandusedcars?page=9,2016 Mercedes-Benz G-ClassG 550,Automatic,G 550,SUV,WDCYC3KFXGX257062,2016
159 Memorial Drive,Avon,Avon Auto Brokers,MA,02322,All Wheel Drive,5.5L 8 Cylinder Engine,Black,Cashmere,Mercedes-Benz,74540,GL-Class,GL-Class GL 550,22995.0,2022-09-13 16:29:11,https://avonautobrokers.com/newandusedcars?page=9,2012 Mercedes-Benz GL-ClassGL 550,Automatic,GL 550,SUV,4JGBF8GE6CA784993,2012
159 Memorial Drive,Avon,Avon Auto Brokers,MA,02322,All Wheel Drive,4.6L 8 Cylinder Engine,Black,Black,Mercedes-Benz,75623,GL-Class,GL-Class GL 550,31995.0,2022-09-13 16:29:11,https://avonautobrokers.com/newandusedcars?page=9,2013 Mercedes-Benz GL-ClassGL 550,Automatic,GL 550,SUV,4JGDF7DE4DA180965,2013
159 Memorial Drive,Avon,Avon Auto Brokers,MA,02322,All Wheel Drive,4.6L 8 Cylinder Engine,Arctic White,Beige,Mercedes-Benz,87078,GL-Class,GL-Class GL 550,27495.0,2022-09-13 16:29:11,https://avonautobrokers.com/newandusedcars?page=9,2013 Mercedes-Benz GL-ClassGL 550,Automatic,GL 550,SUV,4JGDF7DE5DA231793,2013
159 Memorial Drive,Avon,Avon Auto Brokers,MA,02322,All Wheel Drive,4.6L 8 Cylinder Engine,Steel Grey Metallic,Black,Mercedes-Benz,91205,GL-Class,GL-Class GL 550,25995.0,2022-09-13 16:29:11,https://avonautobrokers.com/newandusedcars?page=9,2013 Mercedes-Benz GL-ClassGL 550,Automatic,GL 550,SUV,4JGDF7DE9DA213880,2013
159 Memorial Drive,Avon,Avon Auto Brokers,MA,02322,All Wheel Drive,3.5L V6 Cylinder Engine,Lunar Blue Metallic,Ginger Beige/Espresso,Mercedes-Benz,71717,GLE-Class,GLE-Class GLE 350,29995.0,2022-09-13 16:29:11,https://avonautobrokers.com/newandusedcars?page=9,2016 Mercedes-Benz GLE-ClassGLE 350,Automatic,GLE 350,SUV,4JGDA5HB1GA800145,2016
159 Memorial Drive,Avon,Avon Auto Brokers,MA,02322,All Wheel Drive,3.5L V6 Cylinder Engine,Steel Grey Metallic,Black,Mercedes-Benz,63254,GLK-Class,GLK-Class GLK 350,16450.0,2022-09-13 16:29:11,https://avonautobrokers.com/newandusedcars?page=9,2011 Mercedes-Benz GLK-ClassGLK 350,Automatic,GLK 350,SUV,WDCGG8HB1BF619490,2011
159 Memorial Drive,Avon,Avon Auto Brokers,MA,02322,All Wheel Drive,3.5L V6 Cylinder Engine,BLACK,Black,Mercedes-Benz,65194,GLK-Class,GLK-Class GLK 350,21995.0,2022-09-13 16:29:11,https://avonautobrokers.com/newandusedcars?page=9,2014 Mercedes-Benz GLK-ClassGLK 350,Automatic,GLK 350,SUV,WDCGG8JB5EG160442,2014
159 Memorial Drive,Avon,Avon Auto Brokers,MA,02322,All Wheel Drive,3.0L V6 Cylinder Engine,Arctic White,Beige,Mercedes-Benz,75876,M-Class,M-Class ML 350 BlueTEC,23888.0,2022-09-13 16:29:11,https://avonautobrokers.com/newandusedcars?page=9,2012 Mercedes-Benz M-ClassML 350 BlueTEC,Automatic,ML 350 BlueTEC,SUV,4JGDA2EB1CA093576,2012
159 Memorial Drive,Avon,Avon Auto Brokers,MA,02322,All Wheel Drive,5.5L 8 Cylinder Engine,Arctic White,Black,Mercedes-Benz,80403,M-Class,M-Class ML 63 AMG,37888.0,2022-09-13 16:29:11,https://avonautobrokers.com/newandusedcars?page=9,2013 Mercedes-Benz M-ClassML 63 AMG,Automatic,ML 63 AMG,SUV,4JGDA7EB3DA210279,2013
159 Memorial Drive,Avon,Avon Auto Brokers,MA,02322,Rear Wheel Drive,5.5L 8 Cylinder Engine,Andorite Grey Metallic,Grey/Dark Grey,Mercedes-Benz,69840,S-Class,S-Class 5.5L V8,15888.0,2022-09-13 16:29:11,https://avonautobrokers.com/newandusedcars?page=9,2007 Mercedes-Benz S-Class5.5L V8,Automatic,5.5L V8,Sedan,WDDNG71X47A025340,2007
159 Memorial Drive,Avon,Avon Auto Brokers,MA,02322,All Wheel Drive,5.5L 8 Cylinder Engine,Black,Black,Mercedes-Benz,46573,S-Class,S-Class 5.5L V8,19995.0,2022-09-13 16:29:11,https://avonautobrokers.com/newandusedcars?page=9,2007 Mercedes-Benz S-Class5.5L V8,Automatic,5.5L V8,Sedan,WDDNG86X67A103079,2007
159 Memorial Drive,Avon,Avon Auto Brokers,MA,02322,Rear Wheel Drive,5.5L 8 Cylinder Engine,Pewter Metallic,Savanna/Cashmere,Mercedes-Benz,86664,S-Class,S-Class 5.5L V8,13495.0,2022-09-13 16:29:11,https://avonautobrokers.com/newandusedcars?page=9,2007 Mercedes-Benz S-Class5.5L V8,Automatic,5.5L V8,Sedan,WDDNG71X87A112500,2007
159 Memorial Drive,Avon,Avon Auto Brokers,MA,02322,Rear Wheel Drive,6.2L 8 Cylinder Engine,Black,Black,Mercedes-Benz,93492,S-Class,S-Class 6.3L V8 AMG,24750.0,2022-09-13 16:29:11,https://avonautobrokers.com/newandusedcars?page=9,2008 Mercedes-Benz S-Class6.3L V8 AMG,Automatic,6.3L V8 AMG,Sedan,WDDNG77X48A168118,2008
159 Memorial Drive,Avon,Avon Auto Brokers,MA,02322,All Wheel Drive,5.5L 8 Cylinder Engine,Arctic White,Cashmere/Savannah,Mercedes-Benz,86296,S-Class,S-Class 5.5L V8,19995.0,2022-09-13 16:29:11,https://avonautobrokers.com/newandusedcars?page=9,2008 Mercedes-Benz S-Class5.5L V8,Automatic,5.5L V8,Sedan,WDDNG86X58A181757,2008
159 Memorial Drive,Avon,Avon Auto Brokers,MA,02322,Rear Wheel Drive,4.6L 8 Cylinder Engine,Black,Black,Mercedes-Benz,43923,S-Class,S-Class S 550,38995.0,2022-09-13 16:29:11,https://avonautobrokers.com/newandusedcars?page=9,2014 Mercedes-Benz S-ClassS 550,Automatic,S 550,Sedan,WDDUG8CB3EA013017,2014
159 Memorial Drive,Avon,Avon Auto Brokers,MA,02322,Rear Wheel Drive,5.0L 8 Cylinder Engine,Diamond Silver Metallic,Charcoal,Mercedes-Benz,38496,SL-Class,SL-Class 5.0L,27995.0,2022-09-13 16:29:11,https://avonautobrokers.com/newandusedcars?page=9,2006 Mercedes-Benz SL-Class5.0L,Automatic,5.0L,Convertible,WDBSK75F16F118135,2006
159 Memorial Drive,Avon,Avon Auto Brokers,MA,02322,Rear Wheel Drive,4.6L 8 Cylinder Engine,Diamond White Metallic,Brown/Black,Mercedes-Benz,86755,SL-Class,SL-Class SL 550,38750.0,2022-09-13 16:29:11,https://avonautobrokers.com/newandusedcars?page=9,2013 Mercedes-Benz SL-ClassSL 550,Automatic,SL 550,Convertible,WDDJK7DA7DF014268,2013
159 Memorial Drive,Avon,Avon Auto Brokers,MA,02322,Rear Wheel Drive,3.0L V6 Cylinder Engine,Jet Black,Black,Mercedes-Benz,73298,Sprinter,Sprinter RWD 2500 144,49995.0,2022-09-13 16:29:11,https://avonautobrokers.com/newandusedcars?page=9,2016 Mercedes-Benz SprinterRWD 2500 144,Automatic,RWD 2500 144,Van-Minivan,8BRPE7CD2GE122412,2016
159 Memorial Drive,Avon,Avon Auto Brokers,MA,02322,Front Wheel Drive,2.5L 4 Cylinder Engine,Brilliant Silver Metallic,Charcoal,Nissan,32101,Altima,Altima 2.5 S,13495.0,2022-09-13 16:29:11,https://avonautobrokers.com/newandusedcars?page=9,2011 Nissan Altima2.5 S,Automatic,2.5 S,Sedan,1N4AL2AP5BN414695,2011
159 Memorial Drive,Avon,Avon Auto Brokers,MA,02322,All Wheel Drive,2.5L 4 Cylinder Engine,Pearl White Tricoat,Gray,Nissan,23139,Altima,Altima 2.5 SL,28995.0,2022-09-13 16:29:12,https://avonautobrokers.com/newandusedcars?page=10,2019 Nissan Altima2.5 SL,Automatic,2.5 SL,Sedan,1N4BL4EW7KN302398,2019
159 Memorial Drive,Avon,Avon Auto Brokers,MA,02322,Front Wheel Drive,2.5 4 Cylinder Engine,GRAY,,Nissan,55121,Altima,Altima 2.5 S,,2022-09-13 16:29:12,https://avonautobrokers.com/newandusedcars?page=10,2019 Nissan Altima2.5 S,CVT Transmission,2.5 S,Sedan,1N4BL4BV0KC255092,2019
159 Memorial Drive,Avon,Avon Auto Brokers,MA,02322,Four Wheel Drive,3.5L V6 Cylinder Engine,Super Black,Beige,Nissan,98854,Pathfinder,Pathfinder SV,16995.0,2022-09-13 16:29:12,https://avonautobrokers.com/newandusedcars?page=10,2014 Nissan PathfinderSV,Automatic,SV,SUV,5N1AR2MM3EC689701,2014
159 Memorial Drive,Avon,Avon Auto Brokers,MA,02322,All Wheel Drive,2.5L 4 Cylinder Engine,Super Black,Black,Nissan,62904,Rogue,Rogue SL,14750.0,2022-09-13 16:29:12,https://avonautobrokers.com/newandusedcars?page=10,2012 Nissan RogueSL,Automatic,SL,SUV,JN8AS5MV8CW400119,2012
159 Memorial Drive,Avon,Avon Auto Brokers,MA,02322,All Wheel Drive,2.5L 4 Cylinder Engine,Brilliant Silver,Charcoal,Nissan,67172,Rogue,Rogue SV,18995.0,2022-09-13 16:29:12,https://avonautobrokers.com/newandusedcars?page=10,2014 Nissan RogueSV,Automatic,SV,SUV,5N1AT2MV4EC841690,2014
159 Memorial Drive,Avon,Avon Auto Brokers,MA,02322,All Wheel Drive,2.5L 4 Cylinder Engine,Brilliant Silver,Black,Nissan,54130,Rogue Select,Rogue Select S,14995.0,2022-09-13 16:29:12,https://avonautobrokers.com/newandusedcars?page=10,2014 Nissan Rogue SelectS,Automatic,S,SUV,JN8AS5MVXEW701882,2014
159 Memorial Drive,Avon,Avon Auto Brokers,MA,02322,All Wheel Drive,2.5L 4 Cylinder Engine,Platinum Graphite,Gray,Nissan,82544,Rogue Select,Rogue Select S,13750.0,2022-09-13 16:29:12,https://avonautobrokers.com/newandusedcars?page=10,2015 Nissan Rogue SelectS,Automatic,S,SUV,JN8AS5MV0FW769061,2015
159 Memorial Drive,Avon,Avon Auto Brokers,MA,02322,Rear Wheel Drive,3.7L V6 Cylinder Engine,Magnetic Black,Black,Nissan,21534,Z,Z Auto,33995.0,2022-09-13 16:29:12,https://avonautobrokers.com/newandusedcars?page=10,2018 Nissan ZAuto,Automatic,Auto,Coupe,JN1AZ4EH6JM570159,2018
159 Memorial Drive,Avon,Avon Auto Brokers,MA,02322,RWD,2.8L V6 Cylinder Engine,RED,Gray,Pontiac,84468,Fiero,Fiero Sport GT,12995.0,2022-09-13 16:29:12,https://avonautobrokers.com/newandusedcars?page=10,1986 Pontiac FieroSport GT,4-Speed Manual,Sport GT,Coupe,1G2PG9792GP263096,1986
159 Memorial Drive,Avon,Avon Auto Brokers,MA,02322,All Wheel Drive,3.4L Flat 6 Cylinder Engine,Seal Grey Metallic,Black,Porsche,58330,911,911 2dr Carrera 4 Cabriolet 6-Spd Man,25888.0,2022-09-13 16:29:12,https://avonautobrokers.com/newandusedcars?page=10,2001 Porsche 9112dr Carrera 4 Cabriolet 6-Spd Man,6 Speed Manual,2dr Carrera 4 Cabriolet 6-Spd Man,Convertible,WP0CA29931S652897,2001
159 Memorial Drive,Avon,Avon Auto Brokers,MA,02322,All Wheel Drive,3.6L Flat 6 Cylinder Engine,Black,Savanna Beige,Porsche,63048,911,911 S,38995.0,2022-09-13 16:29:12,https://avonautobrokers.com/newandusedcars?page=10,2002 Porsche 911S,Automatic,S,Coupe,WP0AA29902S621003,2002
159 Memorial Drive,Avon,Avon Auto Brokers,MA,02322,Rear Wheel Drive,3.6L Flat 6 Cylinder Engine,Black,Savanna Beige,Porsche,40008,911,911 2dr Carrera Cpe 6-Spd Manual,38995.0,2022-09-13 16:29:12,https://avonautobrokers.com/newandusedcars?page=10,2003 Porsche 9112dr Carrera Cpe 6-Spd Manual,6 Speed Manual,2dr Carrera Cpe 6-Spd Manual,Coupe,WP0AA29923S621103,2003
159 Memorial Drive,Avon,Avon Auto Brokers,MA,02322,Rear Wheel Drive,3.0L Flat 6 Cylinder Engine,White,Beige,Porsche,38175,911,911 Carrera,93995.0,2022-09-13 16:29:12,https://avonautobrokers.com/newandusedcars?page=10,2017 Porsche 911Carrera,7 Speed Manual,Carrera,Coupe,WP0AA2A90HS107236,2017
159 Memorial Drive,Avon,Avon Auto Brokers,MA,02322,Rear Wheel Drive,2.7L Flat 6 Cylinder Engine,Arctic Silver Metallic,Black,Porsche,118072,Boxster,Boxster 2dr Roadster 5-Spd Manual,11995.0,2022-09-13 16:29:12,https://avonautobrokers.com/newandusedcars?page=10,2001 Porsche Boxster2dr Roadster 5-Spd Manual,5 Speed Manual,2dr Roadster 5-Spd Manual,Convertible,WP0CA29871U623141,2001
159 Memorial Drive,Avon,Avon Auto Brokers,MA,02322,Rear Wheel Drive,2.7L Flat 6 Cylinder Engine,Platinum Silver Metallic,Black,Porsche,42326,Boxster,Boxster 2dr Roadster,39750.0,2022-09-13 16:29:12,https://avonautobrokers.com/newandusedcars?page=10,2013 Porsche Boxster2dr Roadster,Automatic,2dr Roadster,Convertible,WP0CA2A87DS113531,2013
159 Memorial Drive,Avon,Avon Auto Brokers,MA,02322,Rear Wheel Drive,2.7L Flat 6 Cylinder Engine,Black,Black,Porsche,82595,Boxster,Boxster Black Edition,44995.0,2022-09-13 16:29:12,https://avonautobrokers.com/newandusedcars?page=10,2016 Porsche BoxsterBlack Edition,Automatic,Black Edition,Convertible,WP0CA2A80GS120650,2016
159 Memorial Drive,Avon,Avon Auto Brokers,MA,02322,All Wheel Drive,4.8 8 Cylinder Engine,BLACK,Sand,Porsche,110525,Cayenne,Cayenne GTS,23995.0,2022-09-13 16:29:12,https://avonautobrokers.com/newandusedcars?page=10,2008 Porsche CayenneGTS,Automatic,GTS,SUV,WP1AD29P48LA74034,2008
159 Memorial Drive,Avon,Avon Auto Brokers,MA,02322,All Wheel Drive,3.6L V6 Cylinder Engine,White,Beige,Porsche,67812,Cayenne,Cayenne AWD 4dr Tiptronic,25995.0,2022-09-13 16:29:12,https://avonautobrokers.com/newandusedcars?page=10,2012 Porsche CayenneAWD 4dr Tiptronic,Automatic,AWD 4dr Tiptronic,SUV,WP1AA2A24CLA09301,2012
159 Memorial Drive,Avon,Avon Auto Brokers,MA,02322,All Wheel Drive,4.8L 8 Cylinder Engine,Black,Black,Porsche,67474,Cayenne,Cayenne Turbo,38750.0,2022-09-13 16:29:12,https://avonautobrokers.com/newandusedcars?page=10,2013 Porsche CayenneTurbo,Automatic,Turbo,SUV,WP1AC2A21DLA90270,2013
159 Memorial Drive,Avon,Avon Auto Brokers,MA,02322,Rear Wheel Drive,2.7L Flat 6 Cylinder Engine,Guards Red,Sand,Porsche,66847,Cayman,Cayman 2dr Cpe,26995.0,2022-09-13 16:29:12,https://avonautobrokers.com/newandusedcars?page=10,2007 Porsche Cayman2dr Cpe,Automatic,2dr Cpe,Coupe,WP0AA29827U762464,2007
159 Memorial Drive,Avon,Avon Auto Brokers,MA,02322,Rear Wheel Drive,2.7L Flat 6 Cylinder Engine,Carrara White Metallic,Black,Porsche,28803,Cayman,Cayman 2dr Cpe,49795.0,2022-09-13 16:29:12,https://avonautobrokers.com/newandusedcars?page=10,2015 Porsche Cayman2dr Cpe,Automatic,2dr Cpe,Coupe,WP0AA2A86FK163590,2015
159 Memorial Drive,Avon,Avon Auto Brokers,MA,02322,All Wheel Drive,2.0L 4 Cylinder Engine,Black,Beige,Porsche,71148,Macan,Macan AWD,34995.0,2022-09-13 16:29:12,https://avonautobrokers.com/newandusedcars?page=10,2017 Porsche MacanAWD,Automatic,AWD,SUV,WP1AA2A56HLB02001,2017
159 Memorial Drive,Avon,Avon Auto Brokers,MA,02322,Rear Wheel Drive,4.8 8 Cylinder Engine,GREEN,,Porsche,94646,Panamera,Panamera S,,2022-09-13 16:29:12,https://avonautobrokers.com/newandusedcars?page=10,2010 Porsche PanameraS,7 Speed Automatic,S,Sedan,WP0AB2A78AL062574,2010
159 Memorial Drive,Avon,Avon Auto Brokers,MA,02322,All Wheel Drive,3.6L V6 Cylinder Engine,Carrara White,Luxor Beige/Cream,Porsche,95986,Panamera,Panamera 4,27888.0,2022-09-13 16:29:12,https://avonautobrokers.com/newandusedcars?page=10,2011 Porsche Panamera4,Automatic,4,Sedan,WP0AA2A73BL019975,2011
159 Memorial Drive,Avon,Avon Auto Brokers,MA,02322,Rear Wheel Drive,3.0L V6 Cylinder Engine,Black,Beige,Porsche,81197,Panamera,Panamera S Hybrid,32750.0,2022-09-13 16:29:12,https://avonautobrokers.com/newandusedcars?page=10,2012 Porsche PanameraS Hybrid,Automatic,S Hybrid,Sedan,WP0AD2A79CL045473,2012
159 Memorial Drive,Avon,Avon Auto Brokers,MA,02322,All Wheel Drive,4.8L 8 Cylinder Engine,Black,Black,Porsche,62028,Panamera,Panamera GTS,43995.0,2022-09-13 16:29:12,https://avonautobrokers.com/newandusedcars?page=11,2013 Porsche PanameraGTS,Automatic,GTS,Sedan,WP0AF2A74DL076352,2013
159 Memorial Drive,Avon,Avon Auto Brokers,MA,02322,Four Wheel Drive,3.6L V6 Cylinder Engine,Bright White Clearcoat,Diesel Gray/Black,Ram,36421,RAM 1500,RAM 1500 Warlock,38995.0,2022-09-13 16:29:12,https://avonautobrokers.com/newandusedcars?page=11,2020 Ram RAM 1500Warlock,Automatic,Warlock,Truck,1C6RR7GG5LS129859,2020
159 Memorial Drive,Avon,Avon Auto Brokers,MA,02322,Four Wheel Drive,5.7L 8 Cylinder Engine,Black Clearcoat,Diesel Gray/Black,Ram,61618,RAM 1500 Classic,RAM 1500 Classic Warlock,36650.0,2022-09-13 16:29:12,https://avonautobrokers.com/newandusedcars?page=11,2019 Ram RAM 1500 ClassicWarlock,Automatic,Warlock,Truck,1C6RR7LT2KS704517,2019
159 Memorial Drive,Avon,Avon Auto Brokers,MA,02322,Rear Wheel Drive,6.6L 12 Cylinder Engine,English White,Creme Light,Rolls-Royce,72024,Ghost,Ghost 4dr Sdn,113995.0,2022-09-13 16:29:12,https://avonautobrokers.com/newandusedcars?page=11,2011 Rolls-Royce Ghost4dr Sdn,Automatic,4dr Sdn,Sedan,SCA664S5XBUX49495,2011
159 Memorial Drive,Avon,Avon Auto Brokers,MA,02322,RWD,6.6L 12 Cyl.,Diamond Black Metallic,Black,Rolls-Royce,55070,Ghost,Ghost 4dr Sdn EWB,124000.0,2022-09-13 16:29:12,https://avonautobrokers.com/newandusedcars?page=11,2012 Rolls-Royce Ghost4dr Sdn EWB,8 Speed Automatic,4dr Sdn EWB,Sedan,SCA664L53CUX65523,2012
159 Memorial Drive,Avon,Avon Auto Brokers,MA,02322,RWD,6.8L 8 Cyl.,White,Brown,Rolls-Royce,71383,Silver Spur,Silver Spur 4dr Sdn,26995.0,2022-09-13 16:29:12,https://avonautobrokers.com/newandusedcars?page=11,1986 Rolls-Royce Silver Spur4dr Sdn,Automatic,4dr Sdn,Sedan,SCAZN42A5GCX14745,1986
159 Memorial Drive,Avon,Avon Auto Brokers,MA,02322,2WD,6.8L V8 OHV 16V TURBO,WHITE,White,Rolls-Royce,27481,Silver Spur,Silver Spur None,44995.0,2022-09-13 16:29:12,https://avonautobrokers.com/newandusedcars?page=11,1987 Rolls-Royce Silver SpurNone,Automatic,,Sedan,SCAZN02A2HCX21307,1987
159 Memorial Drive,Avon,Avon Auto Brokers,MA,02322,Front Wheel Drive,1.8L 4 Cylinder Engine,Barcelona Red Metallic,Gray,,137987,,None 5dr HB Man (Natl),6750.0,2022-09-13 16:29:12,https://avonautobrokers.com/newandusedcars?page=11,2008 None None5dr HB Man (Natl),5 Speed Manual,5dr HB Man (Natl),Sedan,JTKKU104681000265,2008
159 Memorial Drive,Avon,Avon Auto Brokers,MA,02322,All Wheel Drive,2.5L 4 Cylinder Engine,Ice Silver Metallic,Black,Subaru,54076,WRX,WRX 4dr Sdn,31995.0,2022-09-13 16:29:12,https://avonautobrokers.com/newandusedcars?page=11,2015 Subaru WRX4dr Sdn,6 Speed Manual,4dr Sdn,Sedan,JF1VA2L66F9807227,2015
159 Memorial Drive,Avon,Avon Auto Brokers,MA,02322,AWD,ELECTRIC,RED,,Tesla,39437,Model 3,Model 3 None,48995.0,2022-09-13 16:29:12,https://avonautobrokers.com/newandusedcars?page=11,2018 Tesla Model 3None,AUTO,,Sedan,5YJ3E1EA2JF026009,2018
159 Memorial Drive,Avon,Avon Auto Brokers,MA,02322,Front Wheel Drive,2.5L 4 Cylinder Engine,Midnight Black Metallic,Black,Toyota,12235,Camry,Camry SE,28450.0,2022-09-13 16:29:12,https://avonautobrokers.com/newandusedcars?page=11,2020 Toyota CamrySE,Automatic,SE,Sedan,4T1G11AK0LU972756,2020
159 Memorial Drive,Avon,Avon Auto Brokers,MA,02322,Front Wheel Drive,2.0L 4 Cylinder Engine,Deep Black Pearl Metallic,Black,Volkswagen,79548,Golf GTI,Golf GTI SE,22450.0,2022-09-13 16:29:12,https://avonautobrokers.com/newandusedcars?page=11,2018 Volkswagen Golf GTISE,6 Speed Manual,SE,Hatchback,3VW547AU4JM277380,2018
159 Memorial Drive,Avon,Avon Auto Brokers,MA,02322,Front Wheel Drive,1.8L 4 Cylinder Engine,Reflex Silver Metallic,Black,Volkswagen,84083,Jetta,Jetta SE w/Connectivity/Sunroof PZEV,12995.0,2022-09-13 16:29:12,https://avonautobrokers.com/newandusedcars?page=11,2014 Volkswagen JettaSE w/Connectivity/Sunroof PZEV,Automatic,SE w/Connectivity/Sunroof PZEV,Sedan,3VWD17AJXEM362336,2014
159 Memorial Drive,Avon,Avon Auto Brokers,MA,02322,Front Wheel Drive,2.0L 4 Cylinder Engine,Pure White,Titan Black w/Red,Volkswagen,25979,Jetta,Jetta S,27495.0,2022-09-13 16:29:12,https://avonautobrokers.com/newandusedcars?page=11,2019 Volkswagen JettaS,6 Speed Manual,S,Sedan,3VW5T7BU5KM200262,2019
159 Memorial Drive,Avon,Avon Auto Brokers,MA,02322,Front Wheel Drive,2.5L 5 Cylinder Engine,Black Sapphire Metallic,Off-Black,Volvo,89283,C70,C70 T5,15888.0,2022-09-13 16:29:12,https://avonautobrokers.com/newandusedcars?page=11,2012 Volvo C70T5,Automatic,T5,Convertible,YV1672MC6CJ131156,2012
