drivetrain,engine,exterior_color,interior_color,make,mileage,model,model_trim,price,title,transmission,trim,vehicle_mileage,vehicle_type,vin,year
FWD,2.5L I4 16V PDI DOHC,Blue,,Toyota,3066,Camry,Toyota Camry,28975.0,2022 Toyota Camry LE,Automatic,LE,,4dr Car,4T1C11AKXNU040596,2022
FWD,2.0L I4 16V PDI DOHC,Silver,,Toyota,8591,Corolla,Toyota Corolla,26936.0,2022 Toyota Corolla SE,Variable,SE,,4dr Car,JTDS4MCE4NJ081193,2022
AWD,2.5L I4 16V GDI DOHC Turbo,Deep Crystal Blue Mica,Sand,Mazda,10855,Mazda CX-9,Mazda Mazda CX-9,42654.0,2022 Mazda CX-9 Grand Touring,Automatic,Grand Touring,,Sport Utility,JM3TCBDY6N0608054,2022
4WD,8 Cyl - 4.6 L,Gray,,Lexus,8826,GX,Lexus GX,60000.0,2022 Lexus GX 460 Premium,Automatic,GX 460 Premium,,Sport Utility,JTJAM7BX8N5314899,2022
AWD,3.5L V6 24V PDI DOHC,Silver,,Toyota,23859,Highlander,Toyota Highlander,47000.0,2021 Toyota Highlander Platinum,Automatic,Platinum,,Sport Utility,5TDFZRBH8MS071148,2021
4WD,2.3L I4 16V GDI DOHC Turbo,Blue,Ebony With Light Slate Uppers,Ford,16826,Explorer,Ford Explorer,38000.0,2021 Ford Explorer XLT,Automatic,XLT,,Sport Utility,1FMSK8DH0MGA32179,2021
4WD,2.7L V6 24V GDI DOHC Turbo,Orange,,Ford,493,Bronco,Ford Bronco,65000.0,2021 Ford Bronco Badlands,Automatic,Badlands,,Convertible,1FMEE5DP0MLA72974,2021
4WD,2.7L V6 24V GDI DOHC Turbo,Gray,,Ford,724,Bronco,Ford Bronco,59374.0,2021 Ford Bronco Black Diamond,Automatic,Black Diamond,,Convertible,1FMEE5DP2MLA74676,2021
4WD,2.7L V6 24V GDI DOHC Turbo,Blue,,Ford,591,Bronco,Ford Bronco,60914.0,2021 Ford Bronco outer banks,Automatic,outer banks,,Convertible,1FMEE5DP3MLA73696,2021
4WD,2.7L V6 24V GDI DOHC Turbo,Blue,,Ford,1646,Bronco,Ford Bronco,64725.0,2021 Ford Bronco Badlands,Automatic,Badlands,,Convertible,1FMEE5DPXMLA73985,2021
AWD,2.5L I4 16V GDI DOHC,Machine Gray Metallic,Silk Beige,Mazda,4596,Mazda CX-5,Mazda Mazda CX-5,30000.0,2021 Mazda CX-5 Touring,Automatic,Touring,,Sport Utility,JM3KFBCM3M0481313,2021
4WD,5.7L V8 32V MPFI DOHC,Gray,Graphite,Toyota,30077,Tundra 4WD,Toyota Tundra 4WD,44000.0,2021 Toyota Tundra 4WD SR5,Automatic,SR5,,Crew Cab Pickup,5TFDY5F1XMX971589,2021
4WD,2.3L I4 16V GDI DOHC Turbo,Gray,Gray,Ford,7394,Explorer,Ford Explorer,39927.0,2021 Ford Explorer XLT,Automatic,XLT,,Sport Utility,1FMSK8DH7MGA90323,2021
4WD,6.7L V8 32V DDI OHV Turbo Diesel,White,Black,Ford,32584,Super Duty F-250 SRW,Ford Super Duty F-250 SRW,77121.0,2021 Ford Super Duty F-250 SRW LARIAT,Automatic,LARIAT,,Crew Cab Pickup,1FT8W2BT7MEC83865,2021
AWD,3.8L V6 24V GDI DOHC,Becketts Black,Black,Hyundai,25328,Palisade,Hyundai Palisade,47000.0,2021 Hyundai Palisade Calligraphy,Automatic,Calligraphy,,Sport Utility,KM8R7DHE9MU316999,2021
4WD,3.6L V6 24V MPFI DOHC,Bright White Clearcoat,Black,Jeep,21749,Grand Cherokee,Jeep Grand Cherokee,39833.0,2021 Jeep Grand Cherokee Limited,Automatic,Limited,,Sport Utility,1C4RJFBG2MC501039,2021
AWD,2.5L I4 16V PDI DOHC,Silver,,Toyota,16797,RAV4,Toyota RAV4,32946.0,2021 Toyota RAV4 XLE,Automatic,XLE,,Sport Utility,2T3P1RFVXMC151241,2021
FWD,2.5L I4 16V PDI DOHC,Silver,,Toyota,11793,Camry,Toyota Camry,29139.0,2021 Toyota Camry LE,Automatic,LE,,4dr Car,4T1C11AK2MU536250,2021
4WD,3.5L V6 24V PDI DOHC,Gray,,Toyota,12452,Tacoma 4WD,Toyota Tacoma 4WD,37000.0,2021 Toyota Tacoma 4WD SR5,Automatic,SR5,,Extended Cab Pickup,3TYSZ5AN4MT015520,2021
4WD,2.3L I4 16V GDI DOHC Turbo,Blue,Ebony,Ford,21177,Ranger,Ford Ranger,37303.0,2021 Ford Ranger XL,Automatic,XL,,Crew Cab Pickup,1FTER4FH4MLD48842,2021
FWD,2.0L I4 16V PDI DOHC,Silver,,Toyota,9478,Corolla,Toyota Corolla,25206.0,2021 Toyota Corolla SE,Variable,SE,,4dr Car,5YFS4MCE6MP075003,2021
4WD,3.5L V6 24V PDI DOHC,Cement,,Toyota,28295,Tacoma 4WD,Toyota Tacoma 4WD,38563.0,2021 Toyota Tacoma 4WD SR5,Automatic,SR5,,Crew Cab Pickup,3TMCZ5AN0MM416370,2021
AWD,2.5L I4 16V PDI DOHC Turbo,Quartz White,Black,Hyundai,21212,Santa Fe,Hyundai Santa Fe,40788.0,2021 Hyundai Santa Fe Calligraphy,Automatic,Calligraphy,,Sport Utility,5NMS5DAL5MH363264,2021
AWD,2.5L I4 16V PDI DOHC,Gray,,Toyota,40547,RAV4,Toyota RAV4,32115.0,2021 Toyota RAV4 XLE,Automatic,XLE,,Sport Utility,2T3P1RFVXMC156195,2021
4WD,5.3L V8 16V GDI OHV,Summit White,Jet Black with Kalahari accents,GMC,20843,Sierra 1500,GMC Sierra 1500,57525.0,2021 GMC Sierra 1500 AT4,Automatic,AT4,,Pickup Crew Cab,3GTP9EED2MG330088,2021
FWD,1.8L I4 16V MPFI DOHC Hybrid,Silver,,Toyota,33205,Prius Prime,Toyota Prius Prime,40200.0,2021 Toyota Prius Prime Limited,Variable,Limited,,Hatchback,JTDKAMFP0M3169926,2021
AWD,3.5L V6 24V PDI DOHC,Red,,Toyota,16558,Highlander,Toyota Highlander,46354.0,2021 Toyota Highlander XSE,Automatic,XSE,,Sport Utility,5TDLZRBH2MS131363,2021
4WD,4.3L V6 12V GDI OHV,Black,Jet Black,Chevrolet,29302,Silverado 1500,Chevrolet Silverado 1500,45000.0,2021 Chevrolet Silverado 1500 Custom Trail Boss,Automatic,Custom Trail Boss,,Pickup Crew Cab,1GCPYCEH2MZ352358,2021
4WD,1.5L I3 12V PDI DOHC Turbo,White,Ebony/Brown,Ford,15934,Bronco Sport,Ford Bronco Sport,37610.0,2021 Ford Bronco Sport Outer Banks,Automatic,Outer Banks,,Sport Utility,3FMCR9C6XMRB12278,2021
4WD,6 Cyl - 3.5 L,Silver,Black,Toyota,19516,Tacoma 4WD,Toyota Tacoma 4WD,39139.0,2021 Toyota Tacoma 4WD SR5,Automatic,SR5,,Crew Cab Pickup,3TMDZ5BNXMM102518,2021
4WD,3.5L V6 24V PDI DOHC,Black,,Toyota,28295,Tacoma 4WD,Toyota Tacoma 4WD,40122.0,2020 Toyota Tacoma 4WD SR5,Automatic,SR5,,Crew Cab Pickup,3TMCZ5AN2LM293217,2020
AWD,2.0L I4 16V GDI DOHC Turbo,Summit White,Jet Black,GMC,40087,Terrain,GMC Terrain,26600.0,2020 GMC Terrain SLT,Automatic,SLT,,Sport Utility,3GKALVEX4LL158481,2020
AWD,3.3L V6 24V GDI DOHC,Gravity Grey,Black,Kia,28597,Sorento,Kia Sorento,28642.0,2020 Kia Sorento S V6,Automatic,S V6,,Sport Utility,5XYPGDA59LG686209,2020
4WD,6.4L V8 16V MPFI OHV,Bright White Clearcoat,Diesel Gray/Black,RAM,29942,2500,RAM 2500,47755.0,2020 RAM 2500 Big Horn,Automatic,Big Horn,,Crew Cab Pickup,3C6UR5DJ6LG244816,2020
4WD,2.3L I4 16V GDI DOHC Turbo,Red,Ebony,Ford,25564,Ranger,Ford Ranger,33526.0,2020 Ford Ranger XLT,Automatic,XLT,,Crew Cab Pickup,1FTER4FH6LLA65079,2020
RWD,5.2L V8 32V MPFI DOHC Supercharged,Black,,Ford,5463,Mustang,Ford Mustang,90000.0,2020 Ford Mustang Shelby GT500,Automatic,Shelby GT500,,2dr Car,1FA6P8SJ9L5504084,2020
AWD,2.0L I4 16V GDI DOHC Turbo,Black,Pearl Beige,Audi,77010,A6,Audi A6,32883.0,2020 Audi A6 Premium Plus,Automatic,Premium Plus,,4dr Car,WAUE8AF25LN004532,2020
AWD,2.4L I4 16V GDI DOHC,Gemstone Red,Black,Hyundai,16289,Tucson,Hyundai Tucson,25737.0,2020 Hyundai Tucson SEL,Automatic,SEL,,Sport Utility,KM8J3CAL5LU206297,2020
4WD,6.7L I6 24V DDI OHV Turbo Diesel,Diamond Black Crystal Pearlcoat,Black,RAM,45222,2500,RAM 2500,55861.0,2020 RAM 2500 Big Horn,Automatic,Big Horn,,Crew Cab Pickup,3C6UR5DL3LG285762,2020
FWD,1.8L I4 16V MPFI DOHC,Blue,,Toyota,18914,Corolla,Toyota Corolla,23091.0,2020 Toyota Corolla LE,Variable,LE,,4dr Car,5YFEPRAE5LP013577,2020
FWD,2.5L I4 16V PDI DOHC,Gray,,Toyota,17790,Camry,Toyota Camry,25885.0,2020 Toyota Camry LE,Automatic,LE,,4dr Car,4T1C11AK6LU858453,2020
AWD,2.4L I4 16V GDI DOHC,Calypso Red,Black/Black,Hyundai,26422,Santa Fe,Hyundai Santa Fe,29600.0,2020 Hyundai Santa Fe SEL,Automatic,SEL,,Sport Utility,5NMS3CAD5LH203697,2020
FWD,1.8L I4 16V MPFI DOHC,Silver,,Toyota,11566,Corolla,Toyota Corolla,23513.0,2020 Toyota Corolla LE,Variable,LE,,4dr Car,5YFEPRAE3LP029776,2020
4WD,6.6L V8 32V DDI OHV Turbo Diesel,Summit White,Jet Black,GMC,48269,Sierra 2500HD,GMC Sierra 2500HD,67958.0,2020 GMC Sierra 2500HD SLT,Automatic,SLT,,Pickup Crew Cab,1GT49NEY8LF123839,2020
AWD,2.4L I4 16V GDI DOHC,Cream White Pearl,Beige,Hyundai,32399,Tucson,Hyundai Tucson,28552.0,2020 Hyundai Tucson Limited,Automatic,Limited,,Sport Utility,KM8J3CAL7LU075972,2020
4WD,4.0L V6 24V MPFI DOHC,Red,,Toyota,23774,4Runner,Toyota 4Runner,41275.0,2020 Toyota 4Runner SR5,Automatic,SR5,,Sport Utility,JTEBU5JR6L5747242,2020
AWD,2.0L I4 16V GDI DOHC Turbo,Symphony Silver,Black/Black,Hyundai,6998,Santa Fe,Hyundai Santa Fe,33610.0,2020 Hyundai Santa Fe SEL,Automatic,SEL,,Sport Utility,5NMS3CAA2LH138118,2020
FWD,2.4L I4 16V GDI DOHC,Gravity Grey,Black,Kia,32604,Optima,Kia Optima,21295.0,2020 Kia Optima LX,Automatic,LX,,4dr Car,5XXGT4L39LG398184,2020
AWD,2.4L I4 16V GDI DOHC,Rainforest,Black/Black,Hyundai,41697,Santa Fe,Hyundai Santa Fe,27632.0,2020 Hyundai Santa Fe SEL,Automatic,SEL,,Sport Utility,5NMS3CADXLH182913,2020
FWD,2.0L I4 16V MPFI DOHC,Scarlet Red Pearl,Gray,Hyundai,22412,Elantra,Hyundai Elantra,22722.0,2020 Hyundai Elantra Limited,Variable,Limited,,4dr Car,KMHD84LF5LU982487,2020
4WD,6.7L V8 32V DDI OHV Turbo Diesel,Black,,Ford,31732,Super Duty F-350 SRW,Ford Super Duty F-350 SRW,84000.0,2020 Ford Super Duty F-350 SRW Limited,Automatic,Limited,,Crew Cab Pickup,1FT8W3BT7LEE65019,2020
4WD,3.5L V6 24V PDI DOHC,Gray,,Toyota,29369,Tacoma 4WD,Toyota Tacoma 4WD,39805.0,2020 Toyota Tacoma 4WD TRD Sport,Automatic,TRD Sport,,Crew Cab Pickup,5TFCZ5AN7LX232116,2020
4WD,5.0L V8 32V PDI DOHC,Blue,Black,Ford,54726,F-150,Ford F-150,44129.0,2020 Ford F-150 LARIAT,Automatic,LARIAT,,Crew Cab Pickup,1FTEW1E5XLFC37661,2020
FWD,2.0L I4 16V PDI DOHC,White,,Toyota,15721,Corolla Hatchback,Toyota Corolla Hatchback,26000.0,2020 Toyota Corolla Hatchback SE,Variable,SE,,Hatchback,JTND4RBE7L3074680,2020
4WD,3.6L V6 24V MPFI DOHC,Sting-Gray Clearcoat,Black,Jeep,22749,Grand Cherokee,Jeep Grand Cherokee,39000.0,2020 Jeep Grand Cherokee Altitude,Automatic,Altitude,,Sport Utility,1C4RJFAG9LC358641,2020
FWD,2.0L I4 16V GDI DOHC Turbo,Black,Titan Black,Volkswagen,26507,Golf GTI,Volkswagen Golf GTI,28441.0,2020 Volkswagen Golf GTI 2.0T SE,Automatic,2.0T SE,,Hatchback,3VW6T7AU6LM007240,2020
AWD,3.8L V6 24V GDI DOHC,Gravity Grey,Gray,Kia,18573,Telluride,Kia Telluride,43429.0,2020 Kia Telluride EX,Automatic,EX,,Sport Utility,5XYP3DHC2LG034239,2020
4WD,2.7L V6 24V PDI DOHC Twin Turbo,Silver,Gray,Ford,27418,F-150,Ford F-150,39208.0,2020 Ford F-150 XL,Automatic,XL,,Crew Cab Pickup,1FTEW1EP9LFB17240,2020
FWD,1.6L I4 16V PDI DOHC Turbo,Portofino Gray,Black,Hyundai,20732,Sonata,Hyundai Sonata,28257.0,2020 Hyundai Sonata SEL Plus,Automatic,SEL Plus,,4dr Car,5NPEJ4J23LH040204,2020
AWD,4 Cyl - 2.5 L,Snowflake White Pearl Mica,Parchment,Mazda,16376,Mazda CX-5,Mazda Mazda CX-5,0.0,2020 Mazda CX-5 Grand Touring Reserve,Automatic,Grand Touring Reserve,,Sport Utility,JM3KFBAY2L0867905,2020
AWD,2.0L I4 16V GDI DOHC Turbo,Burgundy,Cappuccino,Lincoln,31008,Nautilus,Lincoln Nautilus,35811.0,2019 Lincoln Nautilus Reserve,Automatic,Reserve,,Sport Utility,2LMPJ8L93KBL11783,2019
AWD,2.4L I4 16V GDI DOHC,Black Noir Pearl,Black,Hyundai,87725,Tucson,Hyundai Tucson,20000.0,2019 Hyundai Tucson SEL,Automatic,SEL,,Sport Utility,KM8J3CAL4KU028090,2019
FWD,2.5L I4 16V PDI DOHC,White,,Toyota,34460,RAV4,Toyota RAV4,33479.0,2019 Toyota RAV4 XLE Premium,Automatic,XLE Premium,,Sport Utility,2T3C1RFV3KW046759,2019
AWD,2.4L I4 16V GDI DOHC,Dusk Blue,Black,Hyundai,93852,Tucson,Hyundai Tucson,20115.0,2019 Hyundai Tucson SEL,Automatic,SEL,,Sport Utility,KM8J3CAL9KU060792,2019
AWD,2.5L I4 16V PDI DOHC,Red,Black,Toyota,45413,RAV4,Toyota RAV4,33000.0,2019 Toyota RAV4 Adventure,Automatic,Adventure,,Sport Utility,2T3J1RFV5KW021854,2019
AWD,2.5L I4 16V PDI DOHC,Red,,Toyota,35053,RAV4,Toyota RAV4,33776.0,2019 Toyota RAV4 Limited,Automatic,Limited,,Sport Utility,JTMN1RFV8KD034175,2019
4WD,5.7L V8 16V MPFI OHV,Granite Crystal Metallic Clearcoat,Black/Dark Sienna Brown,Jeep,54468,Grand Cherokee,Jeep Grand Cherokee,37243.0,2019 Jeep Grand Cherokee Summit,Automatic,Summit,,Sport Utility,1C4RJFJT8KC610116,2019
AWD,V6,Tan,Brogue / Ebony,Jaguar,43685,F-PACE,Jaguar F-PACE,43500.0,2019 Jaguar F-PACE S,Automatic,S,,Sport Utility,SADCM2FV0KA610790,2019
4WD,4.0L V6 24V MPFI DOHC,Black,,Toyota,107490,4Runner,Toyota 4Runner,37934.0,2019 Toyota 4Runner SR5 Premium,Automatic,SR5 Premium,,Sport Utility,JTEBU5JR3K5663118,2019
AWD,3.5L V6 24V PDI DOHC,White,,Toyota,29248,Highlander,Toyota Highlander,35211.0,2019 Toyota Highlander XLE,Automatic,XLE,,Sport Utility,5TDJZRFH2KS584851,2019
AWD,2.0L I4 16V GDI DOHC Turbo,White,Beige,Mercedes-Benz,45794,GLC,Mercedes-Benz GLC,32575.0,2019 Mercedes-Benz GLC 300,Automatic,GLC 300,,Sport Utility,WDC0G4KB3KF659038,2019
AWD,3.5L V6 24V PDI DOHC,Green,,Toyota,40236,Highlander,Toyota Highlander,30000.0,2019 Toyota Highlander LE,Automatic,LE,,Sport Utility,5TDBZRFH3KS724605,2019
AWD,2.5L I4 16V PDI DOHC,Gray,,Toyota,23996,RAV4,Toyota RAV4,34481.0,2019 Toyota RAV4 Limited,Automatic,Limited,,Sport Utility,2T3N1RFV1KW053119,2019
4WD,3.6L V6 24V MPFI DOHC,Black Clearcoat,Black,Jeep,59314,Wrangler Unlimited,Jeep Wrangler Unlimited,36000.0,2019 Jeep Wrangler Unlimited Sahara,Automatic,Sahara,,Convertible,1C4HJXEG8KW589104,2019
4WD,2.7L V6 24V PDI DOHC Twin Turbo,Black,Black,Ford,33780,F-150,Ford F-150,37663.0,2019 Ford F-150 XL,Automatic,XL,,Crew Cab Pickup,1FTEW1EP4KFB41993,2019
AWD,1.8L I4 16V MPFI DOHC Hybrid,White,Black,Toyota,35266,Prius,Toyota Prius,28397.0,2019 Toyota Prius LE,Variable,LE,,Hatchback,JTDL9RFU2K3000133,2019
AWD,2.0L I4 16V GDI DOHC,Dusk Blue,Black,Hyundai,65026,Tucson,Hyundai Tucson,21317.0,2019 Hyundai Tucson SE,Automatic,SE,,Sport Utility,KM8J2CA45KU044889,2019
4WD,5.7L V8 16V MPFI OHV,Granite Crystal Metallic Clearcoat,Black,RAM,34949,1500,RAM 1500,49710.0,2019 RAM 1500 Limited,Automatic,Limited,,Crew Cab Pickup,1C6SRFHT8KN773893,2019
4WD,2.0L I4 16V GDI DOHC Turbo,Bikini Pearlcoat,Black,Jeep,43643,Wrangler Unlimited,Jeep Wrangler Unlimited,37836.0,2019 Jeep Wrangler Unlimited Sahara,Automatic,Sahara,,Convertible,1C4HJXEN8KW620639,2019
4WD,2.3L I4 16V GDI DOHC Turbo,Black,Ebony,Ford,21334,Ranger,Ford Ranger,34237.0,2019 Ford Ranger XL,Automatic,XL,,Crew Cab Pickup,1FTER4FH4KLB04296,2019
AWD,2.0L H4 16V GDI DOHC Turbo,Dark Gray Metallic,Carbon Black,Subaru,88698,WRX,Subaru WRX,26287.0,2019 Subaru WRX,Manual,Base,,4dr Car,JF1VA1A69K9802868,2019
AWD,2.5L I4 16V PDI DOHC,Black,,Toyota,40224,RAV4,Toyota RAV4,30629.0,2019 Toyota RAV4 XLE,Automatic,XLE,,Sport Utility,JTMP1RFV7KD029879,2019
FWD,3.5L V6 24V PDI DOHC,Maroon,,Toyota,68967,Avalon,Toyota Avalon,31225.0,2019 Toyota Avalon Touring,Automatic,Touring,,4dr Car,4T1BZ1FB8KU027158,2019
AWD,2.5L I5 20V PDI DOHC Turbo,Black,Black / Gray,Audi,24834,RS 3,Audi RS 3,59515.0,2019 Audi RS 3 2.5T,Automatic,2.5T,,4dr Car,WUABWGFF5KA906026,2019
4WD,2.7L I4 16V MPFI DOHC,White,,Toyota,14990,Tacoma 4WD,Toyota Tacoma 4WD,30703.0,2019 Toyota Tacoma 4WD SR,Automatic,SR,,Extended Cab Pickup,5TFSX5EN9KX069835,2019
AWD,1.5L I4 16V GDI DOHC Turbo,Nightfall Gray Metallic,Medium Ash Gray,Chevrolet,43228,Equinox,Chevrolet Equinox,22108.0,2019 Chevrolet Equinox LS,Automatic,LS,,Sport Utility,3GNAXSEV9KL126998,2019
AWD,2.0L I4 16V GDI DOHC Turbo,Red,Black,Volkswagen,43664,Tiguan,Volkswagen Tiguan,26000.0,2019 Volkswagen Tiguan SE,Automatic,SE,,Sport Utility,3VV2B7AX0KM068209,2019
4WD,5.0L V8 32V PDI DOHC,Red,Black,Ford,40522,F-150,Ford F-150,40431.0,2019 Ford F-150 XLT,Automatic,XLT,,Extended Cab Pickup,1FTFX1E50KKE87501,2019
4WD,3.5L V6 24V MPFI DOHC,Silver,Ebony Black,Ford,29017,Explorer,Ford Explorer,33622.0,2019 Ford Explorer XLT,Automatic,XLT,,Sport Utility,1FM5K8D85KGA94381,2019
AWD,2.5L I4 16V PDI DOHC,Black,,Toyota,24605,RAV4,Toyota RAV4,34394.0,2019 Toyota RAV4 XLE Premium,Automatic,XLE Premium,,Sport Utility,2T3A1RFV4KC029221,2019
AWD,2.4L I4 16V GDI DOHC,White,,Honda,19050,CR-V,Honda CR-V,26865.0,2019 Honda CR-V LX,Variable,LX,,Sport Utility,2HKRW6H37KH219633,2019
AWD,2.5L I4 16V PDI DOHC,Gray,,Toyota,35740,RAV4,Toyota RAV4,33712.0,2019 Toyota RAV4 XLE Premium,Automatic,XLE Premium,,Sport Utility,2T3A1RFV7KC041346,2019
FWD,1.4L I4 16V GDI DOHC Turbo,White,Black,Volkswagen,54231,Jetta,Volkswagen Jetta,21475.0,2019 Volkswagen Jetta SEL,Automatic,SEL,,4dr Car,3VWE57BU5KM039017,2019
4WD,4.0L V6 24V MPFI DOHC,Gray,Black,Toyota,59190,4Runner,Toyota 4Runner,38569.0,2019 Toyota 4Runner TRD Off Road,Automatic,TRD Off Road,,Sport Utility,JTEBU5JR6K5670077,2019
4WD,5.6L V8 32V GDI DOHC,Magnetic Black Metallic,Black,Nissan,34170,Titan XD,Nissan Titan XD,41899.0,2019 Nissan Titan XD SL,Automatic,SL,,Crew Cab Pickup,1N6AA1F43KN519676,2019
4WD,2.7L I4 16V GDI DOHC Turbo,Satin Steel Metallic,Jet Black,Chevrolet,30443,Silverado 1500,Chevrolet Silverado 1500,40735.0,2019 Chevrolet Silverado 1500 RST,Automatic,RST,,Pickup Crew Cab,3GCPYEEK6KG259587,2019
4WD,1.5L I4 16V GDI DOHC Turbo,Blue,Charcoal Black,Ford,6638,Escape,Ford Escape,25790.0,2019 Ford Escape SE,Automatic,SE,,Sport Utility,1FMCU9GD9KUB73554,2019
AWD,2.5L I4 16V PDI DOHC,Gray,,Toyota,52307,RAV4,Toyota RAV4,27334.0,2019 Toyota RAV4 LE,Automatic,LE,,Sport Utility,2T3F1RFV8KC043421,2019
AWD,2.4L I4 16V GDI DOHC,Dragon Brown,Stone Beige,Kia,98980,Sorento,Kia Sorento,22438.0,2019 Kia Sorento LX,Automatic,LX,,Sport Utility,5XYPGDA35KG512358,2019
RWD,5.0L V8 32V PDI DOHC,Black,Black,Ford,20336,Mustang,Ford Mustang,41208.0,2019 Ford Mustang GT Premium,Manual,GT Premium,,2dr Car,1FA6P8CFXK5198750,2019
AWD,3.5L V6 24V PDI DOHC,Silver,,Toyota,50753,Highlander,Toyota Highlander,35866.0,2019 Toyota Highlander XLE,Automatic,XLE,,Sport Utility,5TDJZRFH1KS956826,2019
AWD,2.0L I4 16V GDI DOHC,Black Noir Pearl,Gray,Hyundai,27261,Tucson,Hyundai Tucson,23904.0,2019 Hyundai Tucson SE,Automatic,SE,,Sport Utility,KM8J2CA41KU013008,2019
FWD,2.0L I4 16V MPFI DOHC,Scarlet Red,Beige,Hyundai,43419,Elantra,Hyundai Elantra,18221.0,2019 Hyundai Elantra SE,Automatic,SE,,4dr Car,KMHD74LF4KU850953,2019
4WD,2.4L I4 16V MPFI SOHC,White Clearcoat,Black,Jeep,72825,Compass,Jeep Compass,20000.0,2019 Jeep Compass Sport,Automatic,Sport,,Sport Utility,3C4NJDAB1KT683665,2019
4WD,2.7L I4 16V MPFI DOHC,Red,,Toyota,13559,Tacoma 4WD,Toyota Tacoma 4WD,30409.0,2019 Toyota Tacoma 4WD SR,Automatic,SR,,Extended Cab Pickup,5TFSX5EN2KX067022,2019
AWD,2.0L I4 16V GDI DOHC,White,,Volvo,17759,XC60,Volvo XC60,39444.0,2019 Volvo XC60 Momentum,Automatic,Momentum,,Sport Utility,YV4A22RK5K1343718,2019
FWD,1.4L I4 16V GDI DOHC Turbo,Red,Black,Volkswagen,47558,Jetta,Volkswagen Jetta,19859.0,2019 Volkswagen Jetta S,Automatic,S,,4dr Car,3VWC57BU9KM053333,2019
FWD,2.4L I4 16V GDI DOHC,Phantom Black,Gray,Hyundai,26056,Sonata,Hyundai Sonata,21740.0,2019 Hyundai Sonata SE,Automatic,SE,,4dr Car,5NPE24AF5KH817836,2019
4WD,4 Cyl - 2.4 L,Bright White Clearcoat,Black,Jeep,38000,Cherokee,Jeep Cherokee,25000.0,2019 Jeep Cherokee Latitude Plus,Automatic,Latitude Plus,,Sport Utility,1C4PJMLB1KD473580,2019
FWD,4 Cyl - 1.4 L,Red,,Volkswagen,38224,Jetta,Volkswagen Jetta,21942.0,2019 Volkswagen Jetta SE,Automatic,SE,,4dr Car,3VWC57BUXKM071078,2019
4WD,3.6L V6 24V MPFI DOHC,Diamond Black Crystal Pearlcoat,Black,Jeep,67584,Grand Cherokee,Jeep Grand Cherokee,23608.0,2018 Jeep Grand Cherokee Laredo,Automatic,Laredo,,Sport Utility,1C4RJFAG3JC457730,2018
4WD,3.5L V6 24V PDI DOHC Twin Turbo,Maroon,,Ford,61357,F-150,Ford F-150,31289.0,2018 Ford F-150 XLT,Automatic,XLT,,Crew Cab Pickup,1FTEW1EG2JFD16823,2018
AWD,3.5L V6 24V MPFI DOHC,Brilliant Silver Metallic,Graphite,Nissan,79854,Murano,Nissan Murano,18500.0,2018 Nissan Murano SV,Variable,SV,,Sport Utility,5N1AZ2MH8JN136169,2018
4WD,1.5L I4 16V GDI DOHC Turbo,Blue,Charcoal Black,Ford,47277,Escape,Ford Escape,20000.0,2018 Ford Escape SE,Automatic,SE,,Sport Utility,1FMCU9GD6JUB93842,2018
4WD,4.0L V6 24V MPFI DOHC,Gray,,Toyota,60972,4Runner,Toyota 4Runner,35244.0,2018 Toyota 4Runner SR5 Premium,Automatic,SR5 Premium,,Sport Utility,JTEBU5JR3J5571652,2018
4WD,1.5L I4 16V GDI DOHC Turbo,Tan,Charcoal Black,Ford,58067,Escape,Ford Escape,20955.0,2018 Ford Escape SEL,Automatic,SEL,,Sport Utility,1FMCU9HD0JUB01428,2018
4WD,3.6L V6 24V MPFI DOHC,Bright White Clearcoat,Black,Jeep,48839,Grand Cherokee,Jeep Grand Cherokee,29000.0,2018 Jeep Grand Cherokee Upland,Automatic,Upland,,Sport Utility,1C4RJFAG9JC352772,2018
4WD,1.5L I4 16V GDI DOHC Turbo,Blue,Charcoal Black,Ford,80696,Escape,Ford Escape,19000.0,2018 Ford Escape SEL,Automatic,SEL,,Sport Utility,1FMCU9HDXJUC83770,2018
AWD,3.5L V6 24V PDI DOHC,Silver,,Toyota,42499,Highlander,Toyota Highlander,33505.0,2018 Toyota Highlander XLE,Automatic,XLE,,Sport Utility,5TDJZRFHXJS548842,2018
FWD,2.0L I4 16V GDI DOHC Turbo,Silver,,Honda,27492,Accord Sedan,Honda Accord Sedan,29152.0,2018 Honda Accord Sedan Touring 2.0T,Automatic,Touring 2.0T,,4dr Car,1HGCV2F96JA044808,2018
FWD,3.5L V6 24V GDI DOHC,Silver,Black,Lexus,38680,RX,Lexus RX,35306.0,2018 Lexus RX 350,Automatic,RX 350,,Sport Utility,2T2ZZMCA9JC109360,2018
AWD,2.0L I4 16V GDI DOHC Turbo,Reflex Silver Metallic,Black,Volkswagen,39195,Tiguan Limited,Volkswagen Tiguan Limited,20908.0,2018 Volkswagen Tiguan Limited 2.0T,Automatic,2.0T,,Sport Utility,WVGBV7AX3JK004303,2018
4WD,3.5L V6 24V PDI DOHC,Blue,,Toyota,16628,Tacoma,Toyota Tacoma,34405.0,2018 Toyota Tacoma SR5,Automatic,SR5,,Crew Cab Pickup,3TMCZ5AN5JM159797,2018
FWD,1.5L I4 16V GDI DOHC Turbo,Red,Black,Honda,44960,Civic,Honda Civic,23643.0,2018 Honda Civic Touring,Variable,Touring,,4dr Car,2HGFC1F94JH641177,2018
FWD,4 Cyl - 2.0 L,Phantom Black,Gray,Hyundai,94516,Elantra,Hyundai Elantra,12098.0,2018 Hyundai Elantra SE,Automatic,SE,,4dr Car,5NPD74LF2JH240840,2018
4WD,2.7L V6 24V PDI DOHC Twin Turbo,Black,Gray,Ford,65113,F-150,Ford F-150,33253.0,2018 Ford F-150 XLT,Automatic,XLT,,Crew Cab Pickup,1FTEW1EP9JFD22330,2018
AWD,2.5L I4 16V MPFI DOHC,Blue,Black,Toyota,80011,RAV4,Toyota RAV4,24000.0,2018 Toyota RAV4 XLE,Automatic,XLE,,Sport Utility,2T3RFREV7JW813931,2018
4WD,3.5L V6 24V PDI DOHC,Gray,,Toyota,101670,Tacoma,Toyota Tacoma,32363.0,2018 Toyota Tacoma TRD Off Road,Automatic,TRD Off Road,,Crew Cab Pickup,3TMDZ5BN7JM039969,2018
FWD,1.6L I4 16V MPFI DOHC,Gray,Charcoal Black,Ford,13532,Fiesta,Ford Fiesta,16394.0,2018 Ford Fiesta SE,Automatic,SE,,Hatchback,3FADP4EJ2JM138052,2018
4WD,6.2L V8 16V GDI OHV,Black,Jet Black,Chevrolet,60164,Silverado 1500,Chevrolet Silverado 1500,36358.0,2018 Chevrolet Silverado 1500 LTZ,Automatic,LTZ,,Double Cab,1GCVKSEJXJZ124366,2018
AWD,2.4L I4 16V GDI DOHC,Pearl White,Gray,Hyundai,43049,Santa Fe Sport,Hyundai Santa Fe Sport,21814.0,2018 Hyundai Santa Fe Sport 2.4L,Automatic,2.4L,,Sport Utility,5NMZUDLB4JH071140,2018
AWD,2.5L H4 16V MPFI DOHC,Venetian Red Pearl,Gray,Subaru,46185,Forester,Subaru Forester,23563.0,2018 Subaru Forester 2.5i,Manual,2.5i,,Sport Utility,JF2SJAAC8JG445052,2018
4WD,2.0L I4 16V GDI DOHC,Moondust,Ebony Black,Ford,50735,EcoSport,Ford EcoSport,19154.0,2018 Ford EcoSport SE,Automatic,SE,,Sport Utility,MAJ6P1UL9JC193352,2018
4WD,3.5L V6 24V PDI DOHC Twin Turbo,Silver,11,Ford,28211,F-150,Ford F-150,44699.0,2018 Ford F-150 LARIAT,Automatic,LARIAT,,Crew Cab Pickup,1FTEW1EG4JFC58908,2018
AWD,2.0L I4 16V GDI DOHC Turbo,Satin Steel Metallic,Light Platinum with Jet Black Accents,Cadillac,37412,ATS Sedan,Cadillac ATS Sedan,26871.0,2018 Cadillac ATS Sedan AWD,Automatic,AWD,,4dr Car,1G6AE5RX0J0170351,2018
AWD,2.5L I4 16V MPFI DOHC,Silver,,Toyota,53287,RAV4,Toyota RAV4,25934.0,2018 Toyota RAV4 XLE,Automatic,XLE,,Sport Utility,JTMRFREV9JD240771,2018
4WD,2.0L I4 16V GDI DOHC Turbo,Ruby Red Metallic Tinted Clearcoat,Medium Light Stone,Ford,71302,Escape,Ford Escape,18665.0,2018 Ford Escape SE,Automatic,SE,,Sport Utility,1FMCU9G94JUC41396,2018
4WD,3.5L V6 24V PDI DOHC Twin Turbo,Black,Gray,Ford,49776,F-150,Ford F-150,35921.0,2018 Ford F-150 XL,Automatic,XL,,Crew Cab Pickup,1FTEW1EG6JKE54677,2018
FWD,3.5L V6 24V PDI DOHC,Gray,,Toyota,45709,Highlander,Toyota Highlander,29432.0,2018 Toyota Highlander LE,Automatic,LE,,Sport Utility,5TDZZRFH8JS287794,2018
4WD,3.5L V6 24V PDI DOHC,Gray,,Toyota,80395,Tacoma,Toyota Tacoma,31537.0,2018 Toyota Tacoma TRD Off Road,Automatic,TRD Off Road,,Extended Cab Pickup,5TFSZ5AN8JX137489,2018
FWD,1.8L I4 16V MPFI DOHC,Red,,Toyota,44827,Corolla,Toyota Corolla,20617.0,2018 Toyota Corolla LE,Variable,LE,,4dr Car,2T1BURHE7JC059250,2018
AWD,2.0L I4 16V GDI DOHC,Ruby Wine,Beige,Hyundai,27620,Tucson,Hyundai Tucson,24338.0,2018 Hyundai Tucson SEL Plus,Automatic,SEL Plus,,Sport Utility,KM8J3CA47JU642624,2018
4WD,1.5L I4 16V GDI DOHC Turbo,Brown,Charcoal Black,Ford,55571,Escape,Ford Escape,20000.0,2018 Ford Escape SE,Automatic,SE,,Sport Utility,1FMCU9GD4JUB18430,2018
AWD,2.5L I4 16V MPFI DOHC,Blue,,Toyota,67165,RAV4,Toyota RAV4,24717.0,2018 Toyota RAV4 LE,Automatic,LE,,Sport Utility,JTMBFREV8JJ210213,2018
FWD,4 Cyl - 1.5 L,Mosaic Black Metallic,Jet Black,Chevrolet,62725,Malibu,Chevrolet Malibu,17846.0,2018 Chevrolet Malibu LS,Automatic,LS,,4dr Car,1G1ZB5ST9JF291983,2018
AWD,2.0L I4 16V GDI DOHC Turbo,Twilight Black,Gray,Hyundai,106385,Santa Fe Sport,Hyundai Santa Fe Sport,19000.0,2017 Hyundai Santa Fe Sport 2.0T Ultimate,Automatic,2.0T Ultimate,,Sport Utility,5XYZWDLA3HG408533,2017
4WD,1.5L I4 16V GDI DOHC Turbo,White,,Ford,96151,Escape,Ford Escape,14894.0,2017 Ford Escape SE,Automatic,SE,,Sport Utility,1FMCU9GD5HUA97890,2017
AWD,2.4L I4 16V GDI DOHC,Remington Red,Satin Black,Kia,44588,Sorento,Kia Sorento,18541.0,2017 Kia Sorento LX,Automatic,LX,,Sport Utility,5XYPGDA31HG334151,2017
AWD,1.6L I4 16V GDI DOHC Turbo,Sedona Sunset,Black,Hyundai,81228,Tucson,Hyundai Tucson,19209.0,2017 Hyundai Tucson Limited,Automatic,Limited,,Sport Utility,KM8J3CA22HU392864,2017
RWD,2.5L I4 16V MPFI DOHC,Brilliant Silver,Graphite,Nissan,71110,Frontier,Nissan Frontier,17000.0,2017 Nissan Frontier S,Automatic,S,,Extended Cab Pickup,1N6BD0CT2HN747534,2017
4WD,4.6L V8 32V MPFI DOHC,Black,,Toyota,67763,Tundra 4WD Truck,Toyota Tundra 4WD Truck,30000.0,2017 Toyota Tundra 4WD Truck SR5,Automatic,SR5,,Crew Cab Pickup,5TFUM5F14HX071112,2017
FWD,1.6L I4 16V GDI DOHC,26.2 Yellow,Black,Hyundai,8568,Veloster,Hyundai Veloster,19500.0,2017 Hyundai Veloster Value Edition,Automatic,Value Edition,,3dr Car,KMHTC6AD7HU316262,2017
4WD,4.0L V6 24V MPFI DOHC Flexible Fuel,Brilliant Silver,Steel,Nissan,42710,Frontier,Nissan Frontier,28597.0,2017 Nissan Frontier S,Automatic,S,,Crew Cab Pickup,1N6AD0EV1HN774864,2017
AWD,2.5L I4 16V MPFI DOHC,Glacier White,Charcoal,Nissan,82733,Rogue,Nissan Rogue,18590.0,2017 Nissan Rogue SV,Variable,SV,,Sport Utility,5N1AT2MV1HC792453,2017
4WD,2.7L I4 16V MPFI DOHC,Gray,,Toyota,199462,Tacoma,Toyota Tacoma,19000.0,2017 Toyota Tacoma SR,Automatic,SR,,Extended Cab Pickup,5TFSX5ENXHX053541,2017
FWD,1.5L I4 16V GDI DOHC Turbo,Blue Velvet Metallic,Jet Black,Chevrolet,72162,Malibu,Chevrolet Malibu,16970.0,2017 Chevrolet Malibu LT,Automatic,LT,,4dr Car,1G1ZE5ST9HF287823,2017
AWD,2.4L I4 16V GDI DOHC,Summit White,Jet Black,Chevrolet,81205,Equinox,Chevrolet Equinox,15847.0,2017 Chevrolet Equinox LT,Automatic,LT,,Sport Utility,2GNFLFEK6H6158223,2017
4WD,3.6L V6 24V MPFI DOHC,Xtreme Purple Pearlcoat,Black,Jeep,46880,Wrangler Unlimited,Jeep Wrangler Unlimited,30333.0,2017 Jeep Wrangler Unlimited Sport,Automatic,Sport,,Convertible,1C4BJWDG1HL650563,2017
AWD,2.0L I4 16V GDI DOHC Turbo,Gray,Black,Audi,44312,Q3,Audi Q3,26000.0,2017 Audi Q3 Prestige,Automatic,Prestige,,Sport Utility,WA1GCCFS9HR004632,2017
AWD,3.5L V6 24V GDI SOHC,White,Tan,Honda,45238,Ridgeline,Honda Ridgeline,30713.0,2017 Honda Ridgeline RTL-E,Automatic,RTL-E,,Crew Cab Pickup,5FPYK3F70HB038321,2017
4WD,2.3L I4 16V GDI DOHC Turbo,Red,Black,Ford,44914,Explorer,Ford Explorer,27564.0,2017 Ford Explorer Limited,Automatic,Limited,,Sport Utility,1FM5K8FHXHGA52231,2017
4WD,6.7L V8 32V DDI OHV Turbo Diesel,Black,Black,Ford,114177,Super Duty F-350 SRW,Ford Super Duty F-350 SRW,55300.0,2017 Ford Super Duty F-350 SRW Lariat,Automatic,Lariat,,Crew Cab Pickup,1FT8W3BT4HED47999,2017
4WD,6.2L V8 16V MPFI SOHC Flexible Fuel,Gray,Gray,Ford,45849,Super Duty F-250 SRW,Ford Super Duty F-250 SRW,44000.0,2017 Ford Super Duty F-250 SRW XLT,Automatic,XLT,,Crew Cab Pickup,1FT7W2B65HEC93158,2017
4WD,5.3L V8 16V GDI OHV,Summit White,Cocoa/Dune,GMC,57574,Sierra 1500,GMC Sierra 1500,31113.0,2017 GMC Sierra 1500 SLE,Automatic,SLE,,Double Cab,1GTV2MEC2HZ111621,2017
AWD,3.0L V6 24V GDI DOHC Supercharged,Black,Jet / Light Oyster,Jaguar,56824,F-PACE,Jaguar F-PACE,31653.0,2017 Jaguar F-PACE 35t R-Sport,Automatic,35t R-Sport,,Sport Utility,SADCL2BVXHA056059,2017
FWD,2.4L I4 16V GDI DOHC,Scarlet Red,Beige,Hyundai,39807,Sonata,Hyundai Sonata,18832.0,2017 Hyundai Sonata Sport,Automatic,Sport,,4dr Car,5NPE34AFXHH512368,2017
AWD,2.0L I4 16V GDI DOHC,Dazzling White,Gray,Hyundai,76064,Tucson,Hyundai Tucson,18583.0,2017 Hyundai Tucson SE,Automatic,SE,,Sport Utility,KM8J3CA40HU401806,2017
AWD,2.5L I4 16V MPFI DOHC Hybrid,White,,Toyota,74531,RAV4 Hybrid,Toyota RAV4 Hybrid,26310.0,2017 Toyota RAV4 Hybrid XLE,Variable,XLE,,Sport Utility,JTMRJREV8HD131906,2017
FWD,4 Cyl - 2.0 L,Black,,Ford,145261,Focus,Ford Focus,3498.0,2017 Ford Focus S,,S,,4dr Car,1FADP3E28HL311300,2017
4WD,5.6L V8 32V GDI DOHC,Gun Metallic,Black,Nissan,41298,Titan XD,Nissan Titan XD,37576.0,2017 Nissan Titan XD SL,Automatic,SL,,Crew Cab Pickup,1N6AA1F46HN516375,2017
AWD,3.6L V6 24V GDI DOHC,Summit White,Ebony,Chevrolet,70555,Traverse,Chevrolet Traverse,22199.0,2017 Chevrolet Traverse LT,Automatic,LT,,Sport Utility,1GNKVGKD8HJ237805,2017
AWD,2.0L I4 16V GDI DOHC Turbo,Gray,Ebony,Ford,100952,Edge,Ford Edge,16901.0,2017 Ford Edge SE,Automatic,SE,,Sport Utility,2FMPK4G99HBB86213,2017
AWD,2.0L I4 16V GDI DOHC,Caribbean Blue,Black,Hyundai,70730,Tucson,Hyundai Tucson,19632.0,2017 Hyundai Tucson SE Plus,Automatic,SE Plus,,Sport Utility,KM8J3CA4XHU424641,2017
AWD,3.3L V6 24V GDI DOHC,Circuit Silver,Gray,Hyundai,47438,Santa Fe,Hyundai Santa Fe,25000.0,2017 Hyundai Santa Fe Limited Ultimate,Automatic,Limited Ultimate,,Sport Utility,KM8SRDHFXHU254863,2017
AWD,2.5L I4 16V MPFI DOHC Hybrid,Gray,,Toyota,141730,RAV4 Hybrid,Toyota RAV4 Hybrid,24670.0,2017 Toyota RAV4 Hybrid SE,Variable,SE,,Sport Utility,JTMJJREV6HD124093,2017
AWD,3.3L V6 24V GDI DOHC,Remington Red,Satin Black,Kia,111322,Sorento,Kia Sorento,14356.0,2016 Kia Sorento EX,Automatic,EX,,Sport Utility,5XYPHDA54GG072252,2016
AWD,3.5L V6 24V MPFI SOHC,Gray,,Acura,94958,RDX,Acura RDX,20000.0,2016 Acura RDX,Automatic,Base,,Sport Utility,5J8TB4H30GL006548,2016
AWD,2.0L I4 16V GDI DOHC Turbo,Red,BLACK,Ford,134341,Edge,Ford Edge,13691.0,2016 Ford Edge SEL,Automatic,SEL,,Sport Utility,2FMPK4J9XGBC08534,2016
4WD,1.6L I4 16V GDI DOHC Turbo,Red,,Ford,110931,Escape,Ford Escape,13000.0,2016 Ford Escape SE,Automatic,SE,,Sport Utility,1FMCU9GX2GUA57212,2016
AWD,2.0L I4 16V GDI DOHC Turbo,Gray,,Audi,61369,A3,Audi A3,20500.0,2016 Audi A3 2.0T Premium Plus,Automatic,2.0T Premium Plus,,4dr Car,WAUE8GFF2G1047504,2016
AWD,1.4L I4 16V GDI DOHC Turbo,Carbon Black Metallic,Ebony,Buick,66168,Encore,Buick Encore,16864.0,2016 Buick Encore Sport Touring,Automatic,Sport Touring,,Sport Utility,KL4CJ2SMXGB580551,2016
FWD,1.6L I4 16V MPFI DOHC,Super Black,Charcoal,Nissan,30053,Versa,Nissan Versa,14000.0,2016 Nissan Versa S Plus,Variable,S Plus,,4dr Car,3N1CN7AP0GL844641,2016
4WD,3.2L V6 24V MPFI DOHC,Bright White Clearcoat,Black,Jeep,128521,Cherokee,Jeep Cherokee,15462.0,2016 Jeep Cherokee Limited,Automatic,Limited,,Sport Utility,1C4PJMDS7GW156378,2016
AWD,2.0L I4 16V GDI DOHC,Ash Black,Black,Hyundai,135708,Tucson,Hyundai Tucson,14407.0,2016 Hyundai Tucson SE,Automatic,SE,,Sport Utility,KM8J3CA42GU055787,2016
AWD,2.4L I4 16V GDI DOHC,Black Cherry,Black,Kia,111554,Sportage,Kia Sportage,14710.0,2016 Kia Sportage LX,Automatic,LX,,Sport Utility,KNDPBCAC2G7881076,2016
FWD,1.0L I3 12V GDI DOHC Turbo,Red,,Ford,77007,Focus,Ford Focus,13372.0,2016 Ford Focus SE,6-Speed,SE,,Hatchback,1FADP3KE2GL354088,2016
FWD,1.8L I4 16V MPFI DOHC,Green,,Toyota,39978,Corolla,Toyota Corolla,19450.0,2016 Toyota Corolla LE,Variable,LE,,4dr Car,2T1BURHE3GC692109,2016
FWD,4 Cyl - 2.5 L,Silver,,Toyota,44619,Camry,Toyota Camry,0.0,2016 Toyota Camry,Automatic,Base,,4dr Car,4T4BF1FK8GR521185,2016
4WD,5.3L V8 16V GDI OHV,Onyx Black,Jet Black,GMC,129061,Sierra 1500,GMC Sierra 1500,23361.0,2015 GMC Sierra 1500 SLE,Automatic,SLE,,Pickup Crew Cab,3GTU2UEC1FG126040,2015
FWD,2.0L I4 16V GDI DOHC Turbo,White,,Lincoln,49592,MKZ,Lincoln MKZ,18376.0,2015 Lincoln MKZ,Automatic,Base,,4dr Car,3LN6L2G9XFR616956,2015
AWD,2.4L I4 16V GDI DOHC,Summit White,Jet Black,GMC,121862,Terrain,GMC Terrain,12112.0,2015 GMC Terrain SLE,Automatic,SLE,,Sport Utility,2GKFLWEK3F6326491,2015
AWD,2.4L I4 16V GDI DOHC,Garnet Red Mica,Beige Two-tone,Hyundai,84624,Tucson,Hyundai Tucson,15129.0,2015 Hyundai Tucson SE,Automatic,SE,,Sport Utility,KM8JUCAG2FU069761,2015
AWD,2.0L H4 16V MPFI DOHC,Ice Silver Metallic,Black,Subaru,37664,Impreza Wagon,Subaru Impreza Wagon,20605.0,2015 Subaru Impreza Wagon 2.0i Sport Limited,Variable,2.0i Sport Limited,,Hatchback,JF1GPAZ60F8317218,2015
4WD,4.0L V6 24V MPFI DOHC,Black,,Toyota,73329,4Runner,Toyota 4Runner,29492.0,2015 Toyota 4Runner SR5,Automatic,SR5,,Sport Utility,JTEBU5JR9F5217769,2015
FWD,3.5L V6 24V MPFI DOHC,Maroon,,Toyota,87215,Sienna,Toyota Sienna,21257.0,2015 Toyota Sienna LE,Automatic,LE,,"Mini-van, Passenger",5TDKK3DC9FS671522,2015
4WD,4.6L V8 32V MPFI DOHC,Silver,,Toyota,116460,Tundra 4WD Truck,Toyota Tundra 4WD Truck,22676.0,2015 Toyota Tundra 4WD Truck SR5,Automatic,SR5,,Crew Cab Pickup,5TFUM5F17FX060747,2015
4WD,6.7L V8 32V DDI OHV Turbo Diesel,Black,,Ford,83631,Super Duty F-250 SRW,Ford Super Duty F-250 SRW,39868.0,2015 Ford Super Duty F-250 SRW XLT,Automatic,XLT,,Crew Cab Pickup,1FT7W2BTXFEB34820,2015
AWD,2.5L I4 16V MPFI DOHC,Red,,Toyota,126762,RAV4,Toyota RAV4,17121.0,2015 Toyota RAV4 XLE,Automatic,XLE,,Sport Utility,2T3RFREV6FW279618,2015
FWD,2.5L I4 16V MPFI DOHC,Red,,Ford,37878,Fusion,Ford Fusion,16951.0,2015 Ford Fusion SE,Automatic,SE,,4dr Car,3FA6P0H76FR121928,2015
FWD,2.5L I4 16V MPFI DOHC,White,Gray,Toyota,94331,Camry,Toyota Camry,15433.0,2015 Toyota Camry LE,Automatic,LE,,4dr Car,4T4BF1FK4FR478852,2015
AWD,2.5L I4 16V MPFI DOHC,Silver,,Toyota,111496,RAV4,Toyota RAV4,17497.0,2015 Toyota RAV4 LE,Automatic,LE,,Sport Utility,JTMBFREV6FJ033409,2015
4WD,5.7L V8 32V MPFI DOHC,White,,Toyota,103795,Land Cruiser,Toyota Land Cruiser,44591.0,2014 Toyota Land Cruiser,Automatic,Base,,Sport Utility,JTMHY7AJ7E4027269,2014
AWD,3.5L V6 24V MPFI DOHC,White,,Toyota,115226,Venza,Toyota Venza,15845.0,2014 Toyota Venza XLE,Automatic,XLE,,Sport Utility,4T3BK3BB8EU097597,2014
AWD,4.7L V8 32V GDI DOHC Twin Turbo,Silver,,Mercedes-Benz,49887,S-Class,Mercedes-Benz S-Class,36817.0,2014 Mercedes-Benz S 550,Automatic,S 550,,4dr Car,WDDUG8FB9EA048754,2014
4WD,3.5L V6 24V MPFI DOHC,Brown,,Ford,120142,Explorer,Ford Explorer,15241.0,2014 Ford Explorer XLT,Automatic,XLT,,Sport Utility,1FM5K8D80EGA57579,2014
FWD,6 Cyl - 3.6 L,Deep Cherry Red Crystal Pearlcoat,Black/Light Graystone,Chrysler,125534,Town & Country,Chrysler Town & Country,4998.0,2014 Chrysler Town & Country Touring,Automatic,Touring,,"Mini-van, Passenger",2C4RC1BG5ER349747,2014
FWD,1.8L I4 16V MPFI DOHC,Windy Sea Blue,Gray,Hyundai,131889,Elantra,Hyundai Elantra,0.0,2014 Hyundai Elantra SE,Automatic,SE,,4dr Car,KMHDH4AE8EU110320,2014
FWD,1.4L I4 16V MPFI DOHC Turbo,Tungsten Metallic,Jet Black,Chevrolet,110828,Cruze,Chevrolet Cruze,10328.0,2014 Chevrolet Cruze 2LT,Automatic,2LT,,4dr Car,1G1PE5SB6E7386247,2014
4WD,3.6L V6 24V MPFI DOHC,True Blue Pearl,Black Interior,Jeep,143224,Wrangler,Jeep Wrangler,14700.0,2013 Jeep Wrangler Sport,Manual,Sport,,Convertible,1C4AJWAG3DL608972,2013
AWD,4 Cyl - 2.0 L,Desert Khaki,Black,Subaru,121031,XV Crosstrek,Subaru XV Crosstrek,8998.0,2013 Subaru XV Crosstrek Limited,Variable,Limited,,Station Wagon,JF2GPAGCXD2820114,2013
FWD,2.4L I4 16V MPFI DOHC Hybrid,Silver Frost Metallic,Gray,Hyundai,54065,Sonata Hybrid,Hyundai Sonata Hybrid,16103.0,2013 Hyundai Sonata Hybrid Limited w/Panoramic Sunroof Pkg,Automatic,Limited w/Panoramic Sunroof Pkg,,4dr Car,KMHEC4A46DA065842,2013
FWD,1.8L I4 16V MPFI DOHC,Midnight Black,Beige,Hyundai,118296,Elantra,Hyundai Elantra,8996.0,2013 Hyundai Elantra GLS PZEV,Automatic,GLS PZEV,,4dr Car,5NPDH4AE5DH384376,2013
AWD,2.5L I4 16V MPFI DOHC,Black Amethyst,Black,Nissan,92014,Rogue,Nissan Rogue,11782.0,2013 Nissan Rogue SV,Variable,SV,,Sport Utility,JN8AS5MV0DW115173,2013
AWD,4 Cyl - 2.0 L,Venetian Red Pearl,Black,Subaru,87785,Impreza Wagon,Subaru Impreza Wagon,13866.0,2013 Subaru Impreza Wagon 2.0i Sport Premium,Manual,2.0i Sport Premium,,Station Wagon,JF1GPAL67D1846776,2013
FWD,4 Cyl - 1.8 L,Midnight Black,Gray,Hyundai,70434,Elantra,Hyundai Elantra,0.0,2013 Hyundai Elantra GLS PZEV,Automatic,GLS PZEV,,4dr Car,5NPDH4AE2DH198908,2013
4WD,6.7L V8 32V DDI OHV Turbo Diesel,Silver,,Ford,93509,Super Duty F-250 SRW,Ford Super Duty F-250 SRW,35843.0,2012 Ford Super Duty F-250 SRW Lariat,Automatic,Lariat,,Crew Cab Pickup,1FT7W2BT0CEA99359,2012
4WD,2.4L I4 16V MPFI DOHC,,,Honda,166101,CR-V,Honda CR-V,11812.0,2012 Honda CR-V EX-L,Automatic,EX-L,,Sport Utility,5J6RM4H78CL041977,2012
FWD,1.8L I4 16V MPFI SOHC,Gray,,Honda,121913,Civic,Honda Civic,11497.0,2012 Honda Civic EX-L,Automatic,EX-L,,4dr Car,2HGFB2F97CH572237,2012
FWD,2.5L I4 16V MPFI DOHC,Gray,Gray,Toyota,117181,Camry,Toyota Camry,13882.0,2012 Toyota Camry XLE,Automatic,XLE,,4dr Car,4T1BF1FK7CU168152,2012
4WD,3.5L V6 24V MPFI DOHC,Blue,,Toyota,156591,Highlander,Toyota Highlander,13358.0,2012 Toyota Highlander,Automatic,Base,,Sport Utility,5TDBK3EH9CS117435,2012
AWD,3.5L V6 24V MPFI DOHC,Twilight Black,Cocoa Black,Hyundai,112683,Santa Fe,Hyundai Santa Fe,11231.0,2012 Hyundai Santa Fe SE,Automatic,SE,,Sport Utility,5XYZHDAG7CG134411,2012
4WD,6.7L V8 32V DDI OHV Turbo Diesel,White,,Ford,136424,Super Duty F-350 SRW,Ford Super Duty F-350 SRW,28662.0,2011 Ford Super Duty F-350 SRW Lariat,Automatic,Lariat,,Crew Cab Pickup,1FT8W3BTXBED00693,2011
FWD,2.4L I4 16V MPFI DOHC,Dark Cherry,Black,Kia,113252,Sorento,Kia Sorento,8584.0,2011 Kia Sorento LX,Automatic,LX,,Sport Utility,5XYKT3A14BG131552,2011
FWD,4 Cyl - 2.5 L,Green,,Toyota,127610,Camry,Toyota Camry,0.0,2011 Toyota Camry,,Base,,4dr Car,4T4BF3EK9BR156988,2011
FWD,3.5L V6 24V MPFI DOHC,Black,Gray,Ford,102478,Taurus,Ford Taurus,9650.0,2010 Ford Taurus Limited,Automatic,Limited,,4dr Car,1FAHP2FW9AG143131,2010
4WD,2.5L I4 16V MPFI DOHC,Black,,Toyota,196541,RAV4,Toyota RAV4,0.0,2010 Toyota RAV4,Automatic,Base,,Sport Utility,JTMBF4DV6AD029386,2010
4WD,2.4L I4 16V MPFI DOHC,Deep Water Blue Pearl,Dark Slate Gray,Jeep,124129,Patriot,Jeep Patriot,0.0,2009 Jeep Patriot Sport,Variable,Sport,,Sport Utility,1J4FF28B29D121462,2009
4WD,3.3L V6 24V MPFI DOHC Hybrid,Green,,Toyota,89034,Highlander Hybrid,Toyota Highlander Hybrid,18182.0,2009 Toyota Highlander Hybrid,Variable,Base,,Sport Utility,JTEEW41AX92036634,2009
AWD,3.5L V6 24V MPFI DOHC,Black,,Mercedes-Benz,98783,E-Class,Mercedes-Benz E-Class,9397.0,2008 Mercedes-Benz E 350,Automatic,E 350,,4dr Car,WDBUF87X98B189618,2008
4WD,3.5L V6 24V MPFI DOHC,Magnetic Gray Metallic,Black,Toyota,136694,Highlander,Toyota Highlander,12000.0,2008 Toyota Highlander Sport,Automatic,Sport,,Sport Utility,JTEES43A682047332,2008
4WD,8 Cyl - 5.4 L,Green,,Ford,119671,F-150,Ford F-150,10998.0,2007 Ford F-150,Automatic,Base,,Extended Cab Pickup,1FTPX14567FB53267,2007
FWD,2.0L I4 16V MPFI DOHC,Silver,,Ford,145143,Focus,Ford Focus,0.0,2007 Ford Focus,,Base,,4dr Car,1FAFP34N87W250225,2007
4WD,4.0L V6 24V MPFI DOHC,Silver,,Toyota,72847,Tacoma,Toyota Tacoma,15456.0,2005 Toyota Tacoma,Automatic,Base,,Extended Cab Pickup,5TEUU42N95Z091802,2005
RWD,8 Cyl - 5.0 L,Red,,Mercedes-Benz,51175,CLK-Class,Mercedes-Benz CLK-Class,6898.0,2005 Mercedes-Benz CLK-Class 5.0L,Automatic,5.0L,,Convertible,WDBTK75G55T039743,2005
RWD,3.9L V8 32V MPFI DOHC,Black,Black Ink,Ford,68635,Thunderbird,Ford Thunderbird,15499.0,2003 Ford Thunderbird,Automatic,Base,,Convertible,1FAHP60A93Y112205,2003
